post_number,post_link,comment_number,author,date,content
5692087,https://cafe.daum.net/_c21_/bbs_read?grpid=1IHuH&fldid=ReHf&contentval=0Nslrzzzzzzzzzzzzzzzzzzzzzzzzz&datanum=5692087&page=1,56920871,우주견라이카,26.07.13,에효 진짜 돈이뭐라고 …
5692087,https://cafe.daum.net/_c21_/bbs_read?grpid=1IHuH&fldid=ReHf&contentval=0Nslrzzzzzzzzzzzzzzzzzzzzzzzzz&datanum=5692087&page=1,56920872,나는다잘돼진짜,26.07.13,이건 진짜 너무 아깝다..
5692087,https://cafe.daum.net/_c21_/bbs_read?grpid=1IHuH&fldid=ReHf&contentval=0Nslrzzzzzzzzzzzzzzzzzzzzzzzzz&datanum=5692087&page=1,56920873,effective,26.07.13,한국의 인문학 위치가 어느정도인지 알리는 계기라고 생각함 사람들이 점점 천박해져
5692087,https://cafe.daum.net/_c21_/bbs_read?grpid=1IHuH&fldid=ReHf&contentval=0Nslrzzzzzzzzzzzzzzzzzzzzzzzzz&datanum=5692087&page=1,56920874,대하소설도장깨기,26.07.13,참 진짜.. 외국이었으면 무료로 공간 내줬을거같음ㅋㅋㅋㅋ
5692087,https://cafe.daum.net/_c21_/bbs_read?grpid=1IHuH&fldid=ReHf&contentval=0Nslrzzzzzzzzzzzzzzzzzzzzzzzzz&datanum=5692087&page=1,56920876,이지외단,26.07.13,노벨문학상을 받아도 건물주가 위구나
5692087,https://cafe.daum.net/_c21_/bbs_read?grpid=1IHuH&fldid=ReHf&contentval=0Nslrzzzzzzzzzzzzzzzzzzzzzzzzz&datanum=5692087&page=1,56920877,삐딱순OI,26.07.13,놀랍지도않음 우리나라 천박해진지 오래라
5692087,https://cafe.daum.net/_c21_/bbs_read?grpid=1IHuH&fldid=ReHf&contentval=0Nslrzzzzzzzzzzzzzzzzzzzzzzzzz&datanum=5692087&page=1,56920878,댕쫀쿠,26.07.13,외국이었으면 100년동안 그자리에 냅두고 관광코스로 만들었을텐데 ㅋㅋㅋ 그러면 월세 계~속 받을수있었을텐데 어리석다
5692087,https://cafe.daum.net/_c21_/bbs_read?grpid=1IHuH&fldid=ReHf&contentval=0Nslrzzzzzzzzzzzzzzzzzzzzzzzzz&datanum=5692087&page=1,56920879,SEAN O’PRY,26.07.13,수준 진짜..올라간 부동산 가치만 홀라당 먹겠다는 심보ㅋㅋㅋ..
5692083,https://cafe.daum.net/_c21_/bbs_read?grpid=1IHuH&fldid=ReHf&contentval=0Nslnzzzzzzzzzzzzzzzzzzzzzzzzz&datanum=5692083&page=1,56920831,우주견라이카,26.07.13,이거 어이없게 웃겻는데 ㅋㅋㅋㅋㅋㅋ
5692083,https://cafe.daum.net/_c21_/bbs_read?grpid=1IHuH&fldid=ReHf&contentval=0Nslnzzzzzzzzzzzzzzzzzzzzzzzzz&datanum=5692083&page=1,56920832,멀린의처진오른쪽고환에걸고,26.07.13,숱돌이 ㅋㅋㅋㅋㅋ
5692084,https://cafe.daum.net/_c21_/bbs_read?grpid=1IHuH&fldid=ReHf&contentval=0Nslozzzzzzzzzzzzzzzzzzzzzzzzz&datanum=5692084&page=1,56920841,밍숭맹숭한,26.07.13,"가해자의 손목을 절단한다
가해자의 안구를 적출한다 굿 ㅇㅈ?"
5692084,https://cafe.daum.net/_c21_/bbs_read?grpid=1IHuH&fldid=ReHf&contentval=0Nslozzzzzzzzzzzzzzzzzzzzzzzzz&datanum=5692084&page=1,56920842,이지외단,26.07.13,ㅅㅂ 뭐 얼마나 거지같이 자랐으면 남들 똥싸고 소변보는걸 쳐보고 ㅈㄹ이야
5692084,https://cafe.daum.net/_c21_/bbs_read?grpid=1IHuH&fldid=ReHf&contentval=0Nslozzzzzzzzzzzzzzzzzzzzzzzzz&datanum=5692084&page=1,56920843,오지명,26.07.13,찍는새끼들 손모가지를 자르거나 눈깔을 후벼파면 해결될텐데 찍히는 사람보고 몇분단위로 움직여라 ㅇㅈㄹ ㅋㅋㅋㅋ코미디수준
5692084,https://cafe.daum.net/_c21_/bbs_read?grpid=1IHuH&fldid=ReHf&contentval=0Nslozzzzzzzzzzzzzzzzzzzzzzzzz&datanum=5692084&page=1,56920844,항상행복만가득가득,26.07.13,가장 좋은 방법: 안찍는다
5692084,https://cafe.daum.net/_c21_/bbs_read?grpid=1IHuH&fldid=ReHf&contentval=0Nslozzzzzzzzzzzzzzzzzzzzzzzzz&datanum=5692084&page=1,56920845,평가기록지,26.07.13,ㅋㅋㅋㅋ지랄이세요
5692084,https://cafe.daum.net/_c21_/bbs_read?grpid=1IHuH&fldid=ReHf&contentval=0Nslozzzzzzzzzzzzzzzzzzzzzzzzz&datanum=5692084&page=1,56920846,벚꽃스타트,26.07.13,진짜 시발 지겹다 애초에 한남새끼들 이딴짓을 왜하고 왜 수요가 있는데 도대체 왜 피해자만 번거롭고 고통받아야함 한남진짜 개싫어
5692084,https://cafe.daum.net/_c21_/bbs_read?grpid=1IHuH&fldid=ReHf&contentval=0Nslozzzzzzzzzzzzzzzzzzzzzzzzz&datanum=5692084&page=1,56920847,평안,26.07.13,이쯤되면 숙박업소를 못가겠다 진짜... 변태한남들 쳐죽이면 될일인데.
5692084,https://cafe.daum.net/_c21_/bbs_read?grpid=1IHuH&fldid=ReHf&contentval=0Nslozzzzzzzzzzzzzzzzzzzzzzzzz&datanum=5692084&page=1,56920848,하룰라라가요,26.07.13,다 죽었으면 좋겠어 만드는 놈 사는 놈 쓰는 놈 보는 놈
5692084,https://cafe.daum.net/_c21_/bbs_read?grpid=1IHuH&fldid=ReHf&contentval=0Nslozzzzzzzzzzzzzzzzzzzzzzzzz&datanum=5692084&page=1,56920849,애어야삲.다,26.07.13,이러다 대중교통 타지말고 히잡쓰라 그러겠어. 애초에 파는 걸 왜 규제 안 하는지? 사서 좋은 용도로 쓰는 사람이 얼마나 된다고
5692084,https://cafe.daum.net/_c21_/bbs_read?grpid=1IHuH&fldid=ReHf&contentval=0Nslozzzzzzzzzzzzzzzzzzzzzzzzz&datanum=5692084&page=1,569208410,옛날 사람인 여시,26.07.13,"여자 화장실에 구멍 수십개 나있잖아 남자 화장실은 안 그렇다는 게 충격이었어
손잡이 같은 거 뗐다 다시 단 흔적 아니냐고 하던데 손잡이를 수십 번 뗐다 다시 단 거야?"
5692084,https://cafe.daum.net/_c21_/bbs_read?grpid=1IHuH&fldid=ReHf&contentval=0Nslozzzzzzzzzzzzzzzzzzzzzzzzz&datanum=5692084&page=1,569208411,양배추마라탕,26.07.13,ㅅㅂ 개새끼들이안찍으면 이지랄날일도없는데
5692084,https://cafe.daum.net/_c21_/bbs_read?grpid=1IHuH&fldid=ReHf&contentval=0Nslozzzzzzzzzzzzzzzzzzzzzzzzz&datanum=5692084&page=1,569208412,냅뚜기,26.07.13,화장실 똥싸는걸 대체 왜찍는거야 ㅅㅂ
5692084,https://cafe.daum.net/_c21_/bbs_read?grpid=1IHuH&fldid=ReHf&contentval=0Nslozzzzzzzzzzzzzzzzzzzzzzzzz&datanum=5692084&page=1,569208413,뷜리진,26.07.13,근데 애초에 그런 영상을 찍고 유포하고 돈벌이 수단으로 삼는 애들을 잡았어야지.. 놔두니까 이상한 더 자극적인걸 찾는 애들이 늘어서 이상범죄들도 생기는거 아니야??? 구더기 부사관 사건 같은거처럼;;; ㅅㅂ
5692084,https://cafe.daum.net/_c21_/bbs_read?grpid=1IHuH&fldid=ReHf&contentval=0Nslozzzzzzzzzzzzzzzzzzzzzzzzz&datanum=5692084&page=1,569208414,겨울너무싫어,26.07.13,개 좆같음 시발 몰카충들 눈깔 칼로 다 쑤셔버리고 싶음
5692084,https://cafe.daum.net/_c21_/bbs_read?grpid=1IHuH&fldid=ReHf&contentval=0Nslozzzzzzzzzzzzzzzzzzzzzzzzz&datanum=5692084&page=1,569208415,블랙 달리아,26.07.13,한국 치안 좋다고 할 때 여성범죄도 고려해서 말해주시긔... 내국인한정 좃구려
5692084,https://cafe.daum.net/_c21_/bbs_read?grpid=1IHuH&fldid=ReHf&contentval=0Nslozzzzzzzzzzzzzzzzzzzzzzzzz&datanum=5692084&page=1,569208416,깡포도,26.07.13,애초에 초소형캠을 도대체 왜 파는데
5692084,https://cafe.daum.net/_c21_/bbs_read?grpid=1IHuH&fldid=ReHf&contentval=0Nslozzzzzzzzzzzzzzzzzzzzzzzzz&datanum=5692084&page=1,569208417,커피한국자,26.07.13,동그라미 챠놔도 어디있는지 안보여.. 남 화장실 가는걸 왜 쳐보는거야 진짜 눈깔 파버려
5692084,https://cafe.daum.net/_c21_/bbs_read?grpid=1IHuH&fldid=ReHf&contentval=0Nslozzzzzzzzzzzzzzzzzzzzzzzzz&datanum=5692084&page=1,569208418,두통약,26.07.13,그냥 남자화장실 쓰는게 빠르겠다
5692084,https://cafe.daum.net/_c21_/bbs_read?grpid=1IHuH&fldid=ReHf&contentval=0Nslozzzzzzzzzzzzzzzzzzzzzzzzz&datanum=5692084&page=1,569208419,슈퍼리치,26.07.13,걍남자화장실쓸래
5692086,https://cafe.daum.net/_c21_/bbs_read?grpid=1IHuH&fldid=ReHf&contentval=0Nslqzzzzzzzzzzzzzzzzzzzzzzzzz&datanum=5692086&page=1,56920861,강도랜드,26.07.13,원래 시장 바뀌면…ㅎ
5692086,https://cafe.daum.net/_c21_/bbs_read?grpid=1IHuH&fldid=ReHf&contentval=0Nslqzzzzzzzzzzzzzzzzzzzzzzzzz&datanum=5692086&page=1,56920862,Ghxmj,26.07.13,ㄷㄷㄷㄷ
5692086,https://cafe.daum.net/_c21_/bbs_read?grpid=1IHuH&fldid=ReHf&contentval=0Nslqzzzzzzzzzzzzzzzzzzzzzzzzz&datanum=5692086&page=1,56920863,쿠리밈,26.07.13,전시장이 얼마나 다 쓰고 갔길래..
5692086,https://cafe.daum.net/_c21_/bbs_read?grpid=1IHuH&fldid=ReHf&contentval=0Nslqzzzzzzzzzzzzzzzzzzzzzzzzz&datanum=5692086&page=1,56920864,희망이,26.07.13,그럼 누가써
5692086,https://cafe.daum.net/_c21_/bbs_read?grpid=1IHuH&fldid=ReHf&contentval=0Nslqzzzzzzzzzzzzzzzzzzzzzzzzz&datanum=5692086&page=1,56920865,파티,26.07.13,전 시장이 20퍼로 올리면서 예산없다는걸 알겠는데 그럼 본인 공약을 그렇게 하지말았어야지; 그대로 20퍼유지하고 월사용액 100만원까지 늘리겠다며ㅋㅋㅋㅋㅋ 입만 털고 당선되니까 기존 정책이었던 7월까지 적용한다는것까지 중단하는게 말이됨?
5692086,https://cafe.daum.net/_c21_/bbs_read?grpid=1IHuH&fldid=ReHf&contentval=0Nslqzzzzzzzzzzzzzzzzzzzzzzzzz&datanum=5692086&page=1,56920866,너 구 리 매 운 맛,26.07.13,나도 본가가 인천이라 본가 가면 이음카드 쓰는데 캐시백이 넘 크게 들어와서...도대체 어디서 돈이 나오나 싶을 정도였는데....뭐지..계획성 없는 정책..
5692086,https://cafe.daum.net/_c21_/bbs_read?grpid=1IHuH&fldid=ReHf&contentval=0Nslqzzzzzzzzzzzzzzzzzzzzzzzzz&datanum=5692086&page=1,56920867,로크,26.07.13,그래도 그동안 잘썼다 담에 또 해줘
5692086,https://cafe.daum.net/_c21_/bbs_read?grpid=1IHuH&fldid=ReHf&contentval=0Nslqzzzzzzzzzzzzzzzzzzzzzzzzz&datanum=5692086&page=1,56920868,엥이야,26.07.13,인천 지금 필수지출 예산도 없대; 전 시장이 빚내면서 해준거였음
5692086,https://cafe.daum.net/_c21_/bbs_read?grpid=1IHuH&fldid=ReHf&contentval=0Nslqzzzzzzzzzzzzzzzzzzzzzzzzz&datanum=5692086&page=1,56920869,detective boys,26.07.13,이상하다싶었어
5692086,https://cafe.daum.net/_c21_/bbs_read?grpid=1IHuH&fldid=ReHf&contentval=0Nslqzzzzzzzzzzzzzzzzzzzzzzzzz&datanum=5692086&page=1,569208610,AE3403,26.07.13,쓰면서도 20퍼가 어디서 나오나 했다...
5692086,https://cafe.daum.net/_c21_/bbs_read?grpid=1IHuH&fldid=ReHf&contentval=0Nslqzzzzzzzzzzzzzzzzzzzzzzzzz&datanum=5692086&page=1,569208611,아이러브커피키우기,26.07.13,유정복 ㅅㅂ
5692086,https://cafe.daum.net/_c21_/bbs_read?grpid=1IHuH&fldid=ReHf&contentval=0Nslqzzzzzzzzzzzzzzzzzzzzzzzzz&datanum=5692086&page=1,569208612,이런거누가믿냐,26.07.13,유정복 이번 시장 못 뽑힐 거 알았네
5692086,https://cafe.daum.net/_c21_/bbs_read?grpid=1IHuH&fldid=ReHf&contentval=0Nslqzzzzzzzzzzzzzzzzzzzzzzzzz&datanum=5692086&page=1,569208613,몬지알g,26.07.13,6월당선돼서 7월 한달인데 ㅅㅂ ㅋㅋㅋㅋ 늘 이런식이네 내란당이 똥싸면 치우다 한 해 끝나고 욕이란 욕은 다 먹고
5692086,https://cafe.daum.net/_c21_/bbs_read?grpid=1IHuH&fldid=ReHf&contentval=0Nslqzzzzzzzzzzzzzzzzzzzzzzzzz&datanum=5692086&page=1,569208614,2026년연금복권1등당첨자,26.07.13,인천시 진짜 돈 없나보네
5692086,https://cafe.daum.net/_c21_/bbs_read?grpid=1IHuH&fldid=ReHf&contentval=0Nslqzzzzzzzzzzzzzzzzzzzzzzzzz&datanum=5692086&page=1,569208615,코코입,26.07.13,"돈도 없는데 공약은 왜 낸거임 그럼 걍 일단 당선되려고 질렀나봄 ㅋ
정치인이 예산도 모르고 지키지도 못할 허황된 공약 질러놓고 몰랐으니까 ㅈㅅ 못해요 하면 국민들은 이해완 굿굿 하고 넘어가야되나봐"
5692086,https://cafe.daum.net/_c21_/bbs_read?grpid=1IHuH&fldid=ReHf&contentval=0Nslqzzzzzzzzzzzzzzzzzzzzzzzzz&datanum=5692086&page=1,569208616,승안,26.07.13,이정도로 돈 없는지는 당선 돼서 자리 가야 아는거 아님? 인천 주민도 몰랐을텐데 전 시장이 이렇게 간당간당하게 운영할줄 몰랐겠지
5692086,https://cafe.daum.net/_c21_/bbs_read?grpid=1IHuH&fldid=ReHf&contentval=0Nslqzzzzzzzzzzzzzzzzzzzzzzzzz&datanum=5692086&page=1,569208617,setlog,26.07.13,심지어 뭐 몇달 유예도 아님 급박하게 안줍니다 ㅇㅈㄹ .. 하..
5692086,https://cafe.daum.net/_c21_/bbs_read?grpid=1IHuH&fldid=ReHf&contentval=0Nslqzzzzzzzzzzzzzzzzzzzzzzzzz&datanum=5692086&page=1,569208618,풉ㅋ,26.07.13,공약 내면 안되는 이유는 뭐야? 유정복이 시예산 싹 공개했었어? 이제껏 무리 없이 해왔기에 공약 내놨겠지 이렇게 엉망일줄 알았나 그럼 부채 계속 늘려서 파산하라는거야 뭐야 지금 인천뿐 아니라 온 지자체가 전임들 싸놓은 똥땜에 손도 못대고 있음 정상화되면 다시 해주겠지
5692086,https://cafe.daum.net/_c21_/bbs_read?grpid=1IHuH&fldid=ReHf&contentval=0Nslqzzzzzzzzzzzzzzzzzzzzzzzzz&datanum=5692086&page=1,569208619,방구뿡뿡이들,26.07.13,유정복 지 안될거 알고 다 쳐쓰고 나갔네
5692086,https://cafe.daum.net/_c21_/bbs_read?grpid=1IHuH&fldid=ReHf&contentval=0Nslqzzzzzzzzzzzzzzzzzzzzzzzzz&datanum=5692086&page=1,569208620,ENFJ또는ENTJ,26.07.13,뚜껑열고보니까 심각했던거면 어쩔수 없다고 봄 나도 인천사람이지만 ㅇㅇ 유정복이 난장판만들고 나간거 맨날 민주당이 수습하다 임기 끝나..
5692086,https://cafe.daum.net/_c21_/bbs_read?grpid=1IHuH&fldid=ReHf&contentval=0Nslqzzzzzzzzzzzzzzzzzzzzzzzzz&datanum=5692086&page=1,569208621,구혜선,26.07.13,"멀쩡히 돈 있던 남춘 때도 유씨가 시장되고 10에서 5로 줄었는데 그땐 이렇게 난리였냐고~!~!~!
유정복이 얼마나 쳐 갖다 썼길래 이지경 됐나를 봐야지 ㅡㅡ 당선도 전에 인천에 이렇게 돈이 없을지 알았겠냐고 유정복이 20% 하니까 어느정도 있겠구나 한거겠지"
5692086,https://cafe.daum.net/_c21_/bbs_read?grpid=1IHuH&fldid=ReHf&contentval=0Nslqzzzzzzzzzzzzzzzzzzzzzzzzz&datanum=5692086&page=1,569208622,파인애플파워,26.07.13,"전시장이 예산공유라도 해줌?
박찬대 잘못이 있다면 그건 국짐이 그정도로 상식 이하라는 걸 예상 못햇다는것뿐 ㅋㅋ"
5692086,https://cafe.daum.net/_c21_/bbs_read?grpid=1IHuH&fldid=ReHf&contentval=0Nslqzzzzzzzzzzzzzzzzzzzzzzzzz&datanum=5692086&page=1,569208623,바다이구아나,26.07.13,박찬대도 이렇게 돈 없을줄 알았겠나
5692086,https://cafe.daum.net/_c21_/bbs_read?grpid=1IHuH&fldid=ReHf&contentval=0Nslqzzzzzzzzzzzzzzzzzzzzzzzzz&datanum=5692086&page=1,569208624,쨍하고해뜰날돌아온단다,26.07.13,"나도 인천사는데 5~7월까지 기름값 캐시백해줘, 20퍼씩 캐쉬백해준다는데 한도 50만원씩 꽉꽉쓰면서도 갑자기 돈이 어디서 나오나 했다 ㅇㅈㅂ이 지른거 ㅇㅈㅂ이 치워야지 이것때문에 지역 달글도 싸우고있음 시팔"
5692085,https://cafe.daum.net/_c21_/bbs_read?grpid=1IHuH&fldid=ReHf&contentval=0Nslpzzzzzzzzzzzzzzzzzzzzzzzzz&datanum=5692085&page=1,5692085103,한편 시리즈,26.07.13,어깨네요
5692085,https://cafe.daum.net/_c21_/bbs_read?grpid=1IHuH&fldid=ReHf&contentval=0Nslpzzzzzzzzzzzzzzzzzzzzzzzzz&datanum=5692085&page=1,5692085104,이상한 사람,26.07.13,삼전 모가지에서 샀네 샤갈
5692085,https://cafe.daum.net/_c21_/bbs_read?grpid=1IHuH&fldid=ReHf&contentval=0Nslpzzzzzzzzzzzzzzzzzzzzzzzzz&datanum=5692085&page=1,5692085105,김동산,26.07.13,아 둘다 허벅지쯤이네 ㅅㅂ..
5692085,https://cafe.daum.net/_c21_/bbs_read?grpid=1IHuH&fldid=ReHf&contentval=0Nslpzzzzzzzzzzzzzzzzzzzzzzzzz&datanum=5692085&page=1,5692085106,루히히,26.07.13,내가 정수리라니 ...
5692085,https://cafe.daum.net/_c21_/bbs_read?grpid=1IHuH&fldid=ReHf&contentval=0Nslpzzzzzzzzzzzzzzzzzzzzzzzzz&datanum=5692085&page=1,5692085107,투두,26.07.13,어깨에서 살말했는데~~~
5692085,https://cafe.daum.net/_c21_/bbs_read?grpid=1IHuH&fldid=ReHf&contentval=0Nslpzzzzzzzzzzzzzzzzzzzzzzzzz&datanum=5692085&page=1,5692085108,THEROW,26.07.13,어깨;;;;;;;
5692085,https://cafe.daum.net/_c21_/bbs_read?grpid=1IHuH&fldid=ReHf&contentval=0Nslpzzzzzzzzzzzzzzzzzzzzzzzzz&datanum=5692085&page=1,5692085109,샐리드,26.07.13,하닉 관자놀이
5692085,https://cafe.daum.net/_c21_/bbs_read?grpid=1IHuH&fldid=ReHf&contentval=0Nslpzzzzzzzzzzzzzzzzzzzzzzzzz&datanum=5692085&page=1,5692085110,나는미륵이야,26.07.13,어꺠 ㅅㅂ
5692085,https://cafe.daum.net/_c21_/bbs_read?grpid=1IHuH&fldid=ReHf&contentval=0Nslpzzzzzzzzzzzzzzzzzzzzzzzzz&datanum=5692085&page=1,5692085111,효연,26.07.13,갠찬아
5692085,https://cafe.daum.net/_c21_/bbs_read?grpid=1IHuH&fldid=ReHf&contentval=0Nslpzzzzzzzzzzzzzzzzzzzzzzzzz&datanum=5692085&page=1,5692085112,이츠실제상황,26.07.13,각각 머리와 골반에 위치중인 나
5692085,https://cafe.daum.net/_c21_/bbs_read?grpid=1IHuH&fldid=ReHf&contentval=0Nslpzzzzzzzzzzzzzzzzzzzzzzzzz&datanum=5692085&page=1,5692085113,누가내치즈먹엇냐,26.07.13,삼전 34 정수리 바로 아래..
5692085,https://cafe.daum.net/_c21_/bbs_read?grpid=1IHuH&fldid=ReHf&contentval=0Nslpzzzzzzzzzzzzzzzzzzzzzzzzz&datanum=5692085&page=1,5692085114,김쫌쫌,26.07.13,하닉 무릎에서 사서 어깨 잘 팔아놓고 가슴에 다시 들어옴..^^ 삼전도..
5692085,https://cafe.daum.net/_c21_/bbs_read?grpid=1IHuH&fldid=ReHf&contentval=0Nslpzzzzzzzzzzzzzzzzzzzzzzzzz&datanum=5692085&page=1,5692085115,아파빌루나틱,26.07.13,바닥 근데 하닉2주 삼성 20주 밖에 없다...
5692085,https://cafe.daum.net/_c21_/bbs_read?grpid=1IHuH&fldid=ReHf&contentval=0Nslpzzzzzzzzzzzzzzzzzzzzzzzzz&datanum=5692085&page=1,5692085116,슬공슬,26.07.13,씌밣..
5692085,https://cafe.daum.net/_c21_/bbs_read?grpid=1IHuH&fldid=ReHf&contentval=0Nslpzzzzzzzzzzzzzzzzzzzzzzzzz&datanum=5692085&page=1,5692085117,eqfixh5,26.07.13,내가 하이닉스 정수리라고?
5692085,https://cafe.daum.net/_c21_/bbs_read?grpid=1IHuH&fldid=ReHf&contentval=0Nslpzzzzzzzzzzzzzzzzzzzzzzzzz&datanum=5692085&page=1,5692085118,좋은일만 생길거야,26.07.13,정수리에서 샀네
5692085,https://cafe.daum.net/_c21_/bbs_read?grpid=1IHuH&fldid=ReHf&contentval=0Nslpzzzzzzzzzzzzzzzzzzzzzzzzz&datanum=5692085&page=1,5692085119,귀여운비숑칭구,26.07.13,하닉 종아리쯤이겠다..근데 꼴랑2개 ㅋㅋㅋ
5692085,https://cafe.daum.net/_c21_/bbs_read?grpid=1IHuH&fldid=ReHf&contentval=0Nslpzzzzzzzzzzzzzzzzzzzzzzzzz&datanum=5692085&page=1,5692085120,재줆앓,26.07.13,삼전은 발등 하이닉스는 머리에서 다 팔아서 없다
5692085,https://cafe.daum.net/_c21_/bbs_read?grpid=1IHuH&fldid=ReHf&contentval=0Nslpzzzzzzzzzzzzzzzzzzzzzzzzz&datanum=5692085&page=1,5692085121,하니팜,26.07.13,하닉 삼전 둘다 거시기쯤 되겟네
5692085,https://cafe.daum.net/_c21_/bbs_read?grpid=1IHuH&fldid=ReHf&contentval=0Nslpzzzzzzzzzzzzzzzzzzzzzzzzz&datanum=5692085&page=1,5692085122,우아아오아이앙,26.07.13,삼전은 귀에서 샀고 하닉은 허벅지에서 샀구나..
5692085,https://cafe.daum.net/_c21_/bbs_read?grpid=1IHuH&fldid=ReHf&contentval=0Nslpzzzzzzzzzzzzzzzzzzzzzzzzz&datanum=5692085&page=1,5692085123,레인드롭,26.07.13,하닉없음청년인데 삼전 발등~발바닥에서 삼
5692085,https://cafe.daum.net/_c21_/bbs_read?grpid=1IHuH&fldid=ReHf&contentval=0Nslpzzzzzzzzzzzzzzzzzzzzzzzzz&datanum=5692085&page=1,5692085124,가으리보미,26.07.13,하닉 어깨여요 ㅡㅡ
5692085,https://cafe.daum.net/_c21_/bbs_read?grpid=1IHuH&fldid=ReHf&contentval=0Nslpzzzzzzzzzzzzzzzzzzzzzzzzz&datanum=5692085&page=1,5692085125,박규리,26.07.13,어깨와 머리 사이 어딘가
5692085,https://cafe.daum.net/_c21_/bbs_read?grpid=1IHuH&fldid=ReHf&contentval=0Nslpzzzzzzzzzzzzzzzzzzzzzzzzz&datanum=5692085&page=1,5692085126,Asaa,26.07.13,"발목이라다행이에요,."
5692082,https://cafe.daum.net/_c21_/bbs_read?grpid=1IHuH&fldid=ReHf&contentval=0Nslmzzzzzzzzzzzzzzzzzzzzzzzzz&datanum=5692082&page=1,56920821,짐다,26.07.13,에이~ 설마~... 농담 심해~ 족발이라도 시켰겠지~
5692082,https://cafe.daum.net/_c21_/bbs_read?grpid=1IHuH&fldid=ReHf&contentval=0Nslmzzzzzzzzzzzzzzzzzzzzzzzzz&datanum=5692082&page=1,56920822,은밀한 감자,26.07.13,당근 시러
5692082,https://cafe.daum.net/_c21_/bbs_read?grpid=1IHuH&fldid=ReHf&contentval=0Nslmzzzzzzzzzzzzzzzzzzzzzzzzz&datanum=5692082&page=1,56920823,맥모닝핫케이크,26.07.13,쌈장이라도 곁들이걸아.......
5692082,https://cafe.daum.net/_c21_/bbs_read?grpid=1IHuH&fldid=ReHf&contentval=0Nslmzzzzzzzzzzzzzzzzzzzzzzzzz&datanum=5692082&page=1,56920824,원서를 읽자,26.07.13,나도 저런연비로 살고싶다
5692082,https://cafe.daum.net/_c21_/bbs_read?grpid=1IHuH&fldid=ReHf&contentval=0Nslmzzzzzzzzzzzzzzzzzzzzzzzzz&datanum=5692082&page=1,56920825,나랑 변보러 가지 않을래,26.07.13,저게 저런 종자가 아니고 일반당근 존나 깎아서 작은거라며ㅋㅋ저건 간식도 안되지않나 연비 미쳤네
5692082,https://cafe.daum.net/_c21_/bbs_read?grpid=1IHuH&fldid=ReHf&contentval=0Nslmzzzzzzzzzzzzzzzzzzzzzzzzz&datanum=5692082&page=1,569208217,(본인닉네임).,26.07.13,2222222 나도 이렇게 들었슨 근데나도 미시인데 이상하게 미니당근은 맛있어 술술 들어감ㅜㅋㅋㅋㅋㅋ
5692082,https://cafe.daum.net/_c21_/bbs_read?grpid=1IHuH&fldid=ReHf&contentval=0Nslmzzzzzzzzzzzzzzzzzzzzzzzzz&datanum=5692082&page=1,56920826,우주견라이카,26.07.13,저거보니까 피클링소스에 담갓다가 다음날먹으면 존맛이겟다는 생각밖에안듬
5692082,https://cafe.daum.net/_c21_/bbs_read?grpid=1IHuH&fldid=ReHf&contentval=0Nslmzzzzzzzzzzzzzzzzzzzzzzzzz&datanum=5692082&page=1,56920827,프린세스메이커2,26.07.13,연비 쥑인다
5692082,https://cafe.daum.net/_c21_/bbs_read?grpid=1IHuH&fldid=ReHf&contentval=0Nslmzzzzzzzzzzzzzzzzzzzzzzzzz&datanum=5692082&page=1,56920828,시나몬모카,26.07.13,헐 간식이아니라 식사대용?...
5692082,https://cafe.daum.net/_c21_/bbs_read?grpid=1IHuH&fldid=ReHf&contentval=0Nslmzzzzzzzzzzzzzzzzzzzzzzzzz&datanum=5692082&page=1,56920829,뤂히덕후뤂뤂릎,26.07.13,점심으로 진짜 간단하게 먹더라 감자칩 한봉지랑 과일주스 싸오고 그럼
5692082,https://cafe.daum.net/_c21_/bbs_read?grpid=1IHuH&fldid=ReHf&contentval=0Nslmzzzzzzzzzzzzzzzzzzzzzzzzz&datanum=5692082&page=1,569208210,코떼밀,26.07.13,저거 맛있음 우리나라 생당근 같은 맛이 아냐
5692082,https://cafe.daum.net/_c21_/bbs_read?grpid=1IHuH&fldid=ReHf&contentval=0Nslmzzzzzzzzzzzzzzzzzzzzzzzzz&datanum=5692082&page=1,569208211,제발 알아서 하세요,26.07.13,맛 궁금하다
5692082,https://cafe.daum.net/_c21_/bbs_read?grpid=1IHuH&fldid=ReHf&contentval=0Nslmzzzzzzzzzzzzzzzzzzzzzzzzz&datanum=5692082&page=1,569208212,49182,26.07.13,존맛
5692082,https://cafe.daum.net/_c21_/bbs_read?grpid=1IHuH&fldid=ReHf&contentval=0Nslmzzzzzzzzzzzzzzzzzzzzzzzzz&datanum=5692082&page=1,569208213,플레이오프,26.07.13,진짜 맛없어
5692082,https://cafe.daum.net/_c21_/bbs_read?grpid=1IHuH&fldid=ReHf&contentval=0Nslmzzzzzzzzzzzzzzzzzzzzzzzzz&datanum=5692082&page=1,569208214,박색갈배,26.07.13,엥 맛있나..?
5692082,https://cafe.daum.net/_c21_/bbs_read?grpid=1IHuH&fldid=ReHf&contentval=0Nslmzzzzzzzzzzzzzzzzzzzzzzzzz&datanum=5692082&page=1,569208215,시로모,26.07.13,"마저 유튜브 보니까 저거 먹더라...?....첨에 치토스인 줄 알았는데....
맛이 다르구먼"
5692082,https://cafe.daum.net/_c21_/bbs_read?grpid=1IHuH&fldid=ReHf&contentval=0Nslmzzzzzzzzzzzzzzzzzzzzzzzzz&datanum=5692082&page=1,569208216,가나디가나,26.07.13,외국인들 연비 ㄹㅇ 좋은듯. 조금 먹고 계속 움직이는거 신기함
5692082,https://cafe.daum.net/_c21_/bbs_read?grpid=1IHuH&fldid=ReHf&contentval=0Nslmzzzzzzzzzzzzzzzzzzzzzzzzz&datanum=5692082&page=1,569208218,stukki,26.07.13,ㅎㄷㄷ
5692082,https://cafe.daum.net/_c21_/bbs_read?grpid=1IHuH&fldid=ReHf&contentval=0Nslmzzzzzzzzzzzzzzzzzzzzzzzzz&datanum=5692082&page=1,569208219,Niklas Süle,26.07.13,개맛잇음 크림치즈나 그릭요거트에 찍어먹으면 극락
5692082,https://cafe.daum.net/_c21_/bbs_read?grpid=1IHuH&fldid=ReHf&contentval=0Nslmzzzzzzzzzzzzzzzzzzzzzzzzz&datanum=5692082&page=1,569208220,그린웨이,26.07.13,그래도 남자들 키크고 골격 좋고 건강한거 보면 연비 개쩐다싶어 한남들은 엄마 정성 갈아서 이유식해먹이고 뭐해먹이고 푸짐하게 먹어도 다 키작 어좁인데..
5692082,https://cafe.daum.net/_c21_/bbs_read?grpid=1IHuH&fldid=ReHf&contentval=0Nslmzzzzzzzzzzzzzzzzzzzzzzzzz&datanum=5692082&page=1,569208221,연보라,26.07.13,대체 무슨 맛일까
5692082,https://cafe.daum.net/_c21_/bbs_read?grpid=1IHuH&fldid=ReHf&contentval=0Nslmzzzzzzzzzzzzzzzzzzzzzzzzz&datanum=5692082&page=1,569208222,예거밤,26.07.13,걍 당근 맛인데 씹는맛으로 먹어 저것도 일반 당근으로 걍 저렇게 미니하게 모양 낸거라서 ㅋㅋㅋㅋㅋ 난 아무것도 안찍고 걍 머금 배고픈데 다욧중이면 ㅋㅋㅋ
5692082,https://cafe.daum.net/_c21_/bbs_read?grpid=1IHuH&fldid=ReHf&contentval=0Nslmzzzzzzzzzzzzzzzzzzzzzzzzz&datanum=5692082&page=1,569208223,인생개노쟘,26.07.13,난 왜 저게 맛없지 생당근 잘라놓으면 오독하고 달아서 술술 들어가는데 저건 뭔가 잘 안 먹혀..ㅋㅋㅋㅋ
5692082,https://cafe.daum.net/_c21_/bbs_read?grpid=1IHuH&fldid=ReHf&contentval=0Nslmzzzzzzzzzzzzzzzzzzzzzzzzz&datanum=5692082&page=1,569208224,에드가드가를드가,26.07.13,헐 일반당근 ㅈㄴ깎은거라닠ㅋㅌㅋㅋㅋ 뭔가 더 맛있는느낌이였는데
5692082,https://cafe.daum.net/_c21_/bbs_read?grpid=1IHuH&fldid=ReHf&contentval=0Nslmzzzzzzzzzzzzzzzzzzzzzzzzz&datanum=5692082&page=1,569208225,라벤더31,26.07.13,근데 맛있어.. 산 갈 때 나는 간식으로 산거긴 한데 ㅋㅋㅋㅋ 진짜 맛있게 먹으면서 올라감...
5692082,https://cafe.daum.net/_c21_/bbs_read?grpid=1IHuH&fldid=ReHf&contentval=0Nslmzzzzzzzzzzzzzzzzzzzzzzzzz&datanum=5692082&page=1,569208226,비비안수,26.07.13,아니 베이비 캐럿에 랜치소스 푹 찍고 식빵 두장 먹고 우유 마시면 식사 끝이래 미친놈들임
5692082,https://cafe.daum.net/_c21_/bbs_read?grpid=1IHuH&fldid=ReHf&contentval=0Nslmzzzzzzzzzzzzzzzzzzzzzzzzz&datanum=5692082&page=1,569208227,비비안수,26.07.13,근데 미니 당근 종자가 있긴 해 마트에서 파는 냉동들이 대부분 큰 당근 깎은 가짜라서 그렇지 없진 않음
5692081,https://cafe.daum.net/_c21_/bbs_read?grpid=1IHuH&fldid=ReHf&contentval=0Nsllzzzzzzzzzzzzzzzzzzzzzzzzz&datanum=5692081&page=1,56920811,쌍따봉도치,26.07.13,극불호... 육수도 맛없고 면도 맛없음...
5692081,https://cafe.daum.net/_c21_/bbs_read?grpid=1IHuH&fldid=ReHf&contentval=0Nsllzzzzzzzzzzzzzzzzzzzzzzzzz&datanum=5692081&page=1,56920812,햼부기,26.07.13,호
5692081,https://cafe.daum.net/_c21_/bbs_read?grpid=1IHuH&fldid=ReHf&contentval=0Nsllzzzzzzzzzzzzzzzzzzzzzzzzz&datanum=5692081&page=1,56920813,샌드백,26.07.13,밍밍한 수준이 아니라 걸레빤물 같아..
5692081,https://cafe.daum.net/_c21_/bbs_read?grpid=1IHuH&fldid=ReHf&contentval=0Nsllzzzzzzzzzzzzzzzzzzzzzzzzz&datanum=5692081&page=1,56920814,엽기떡뾲이,26.07.13,"불호
그리고 평냉파들이 나에게 맛알못이네 하고 꺼드럭대는것도 불호"
5692081,https://cafe.daum.net/_c21_/bbs_read?grpid=1IHuH&fldid=ReHf&contentval=0Nsllzzzzzzzzzzzzzzzzzzzzzzzzz&datanum=5692081&page=1,56920815,체리초코아이스,26.07.13,호호
5692081,https://cafe.daum.net/_c21_/bbs_read?grpid=1IHuH&fldid=ReHf&contentval=0Nsllzzzzzzzzzzzzzzzzzzzzzzzzz&datanum=5692081&page=1,56920816,갬서,26.07.13,막상 북한도 이것저것 타먹는다하지않았나? ㅋㅋㅋㅋ
5692081,https://cafe.daum.net/_c21_/bbs_read?grpid=1IHuH&fldid=ReHf&contentval=0Nsllzzzzzzzzzzzzzzzzzzzzzzzzz&datanum=5692081&page=1,56920817,암멍이,26.07.13,극호 사랑해
5692081,https://cafe.daum.net/_c21_/bbs_read?grpid=1IHuH&fldid=ReHf&contentval=0Nsllzzzzzzzzzzzzzzzzzzzzzzzzz&datanum=5692081&page=1,56920818,나랑 변보러 가지 않을래,26.07.13,불호 평양에서 먹는 냉면은 저 맛 아니랬음ㅋㅋ탈북민들이 한국 평냉 맛없다 한거보면 답나옴ㅋㅋ
5692081,https://cafe.daum.net/_c21_/bbs_read?grpid=1IHuH&fldid=ReHf&contentval=0Nsllzzzzzzzzzzzzzzzzzzzzzzzzz&datanum=5692081&page=1,56920819,키ㅇㅣ새,26.07.13,나에게 냉면은 함흥냉면뿐
5692081,https://cafe.daum.net/_c21_/bbs_read?grpid=1IHuH&fldid=ReHf&contentval=0Nsllzzzzzzzzzzzzzzzzzzzzzzzzz&datanum=5692081&page=1,569208110,한글언어교실,26.07.13,불호
5692081,https://cafe.daum.net/_c21_/bbs_read?grpid=1IHuH&fldid=ReHf&contentval=0Nsllzzzzzzzzzzzzzzzzzzzzzzzzz&datanum=5692081&page=1,569208111,글세뭐랄가,26.07.13,불호... 맛집으로 유명한 곳 세번 도전했는데 와 내돈주고는 도저히
5692081,https://cafe.daum.net/_c21_/bbs_read?grpid=1IHuH&fldid=ReHf&contentval=0Nsllzzzzzzzzzzzzzzzzzzzzzzzzz&datanum=5692081&page=1,569208112,태연(TAEYEON),26.07.13,나는 불호.......
5692081,https://cafe.daum.net/_c21_/bbs_read?grpid=1IHuH&fldid=ReHf&contentval=0Nsllzzzzzzzzzzzzzzzzzzzzzzzzz&datanum=5692081&page=1,569208113,고릴라릴스,26.07.13,호호
5692081,https://cafe.daum.net/_c21_/bbs_read?grpid=1IHuH&fldid=ReHf&contentval=0Nsllzzzzzzzzzzzzzzzzzzzzzzzzz&datanum=5692081&page=1,569208114,걔냬댸럐,26.07.13,하나도 안밍밍하고 고기육수맛 나든데ㅠㅠㅠㅜ차가운 갈비탕맛 존맛
5692081,https://cafe.daum.net/_c21_/bbs_read?grpid=1IHuH&fldid=ReHf&contentval=0Nsllzzzzzzzzzzzzzzzzzzzzzzzzz&datanum=5692081&page=1,569208115,이번주로또1등나잖아,26.07.13,호호호
5692081,https://cafe.daum.net/_c21_/bbs_read?grpid=1IHuH&fldid=ReHf&contentval=0Nsllzzzzzzzzzzzzzzzzzzzzzzzzz&datanum=5692081&page=1,569208116,뤂히덕후뤂뤂릎,26.07.13,냉면육수 반 버리고 물탄맛
5692081,https://cafe.daum.net/_c21_/bbs_read?grpid=1IHuH&fldid=ReHf&contentval=0Nsllzzzzzzzzzzzzzzzzzzzzzzzzz&datanum=5692081&page=1,569208117,누망,26.07.13,극호
5692081,https://cafe.daum.net/_c21_/bbs_read?grpid=1IHuH&fldid=ReHf&contentval=0Nsllzzzzzzzzzzzzzzzzzzzzzzzzz&datanum=5692081&page=1,569208118,강노라,26.07.13,불호 식은 갈비탕에 냉면사리 넣은 거 같아...
5692081,https://cafe.daum.net/_c21_/bbs_read?grpid=1IHuH&fldid=ReHf&contentval=0Nsllzzzzzzzzzzzzzzzzzzzzzzzzz&datanum=5692081&page=1,569208119,wolfff,26.07.13,"우래옥은 안밍밍하고 육향 개쩌는 자극적 ,, 먹고싶다"
5692081,https://cafe.daum.net/_c21_/bbs_read?grpid=1IHuH&fldid=ReHf&contentval=0Nsllzzzzzzzzzzzzzzzzzzzzzzzzz&datanum=5692081&page=1,569208120,박색갈배,26.07.13,개쌉불호
5692081,https://cafe.daum.net/_c21_/bbs_read?grpid=1IHuH&fldid=ReHf&contentval=0Nsllzzzzzzzzzzzzzzzzzzzzzzzzz&datanum=5692081&page=1,569208121,찰리 허냄,26.07.13,불호 뭔맛이여이게
5692081,https://cafe.daum.net/_c21_/bbs_read?grpid=1IHuH&fldid=ReHf&contentval=0Nsllzzzzzzzzzzzzzzzzzzzzzzzzz&datanum=5692081&page=1,569208122,DREAMSICLE,26.07.13,불호.. 평양에서도 양념 많이 타먹잖아
5692081,https://cafe.daum.net/_c21_/bbs_read?grpid=1IHuH&fldid=ReHf&contentval=0Nsllzzzzzzzzzzzzzzzzzzzzzzzzz&datanum=5692081&page=1,569208123,여름코코아,26.07.13,불호인데 유명한데 세곳 이상 갔는데 아직 맛을 모르겠으면 불호지?...
5692081,https://cafe.daum.net/_c21_/bbs_read?grpid=1IHuH&fldid=ReHf&contentval=0Nsllzzzzzzzzzzzzzzzzzzzzzzzzz&datanum=5692081&page=1,569208124,쿠팡잇츠,26.07.13,조온맛 대구여시는 부산안면옥 추천 자극적이여
5692081,https://cafe.daum.net/_c21_/bbs_read?grpid=1IHuH&fldid=ReHf&contentval=0Nsllzzzzzzzzzzzzzzzzzzzzzzzzz&datanum=5692081&page=1,569208125,타트체리쿠키,26.07.13,개좋음 ㅠ 내입엔 평냉도 간간함...
5692081,https://cafe.daum.net/_c21_/bbs_read?grpid=1IHuH&fldid=ReHf&contentval=0Nsllzzzzzzzzzzzzzzzzzzzzzzzzz&datanum=5692081&page=1,569208126,거멍콩,26.07.13,극호!!!!! 면풀기 전에 육수 마시고 면 풀고 육수 마시면 메밀향 땜에 육수맛이 싹 바뀌는게 진짜 매력적임ㅋㅋㅋ 차가운 갈비탕맛이라서 밥말아먹어도 맛있음ㅋㅋㅋ
5692081,https://cafe.daum.net/_c21_/bbs_read?grpid=1IHuH&fldid=ReHf&contentval=0Nsllzzzzzzzzzzzzzzzzzzzzzzzzz&datanum=5692081&page=1,569208127,시비걸면즐찾하고쫓아다님,26.07.13,함흥냉면 주세요
5692081,https://cafe.daum.net/_c21_/bbs_read?grpid=1IHuH&fldid=ReHf&contentval=0Nsllzzzzzzzzzzzzzzzzzzzzzzzzz&datanum=5692081&page=1,569208128,골드망고스무디존맛,26.07.13,우래옥은 내스탈아님 ㅜㅜ근데 평냉은좋아
5692081,https://cafe.daum.net/_c21_/bbs_read?grpid=1IHuH&fldid=ReHf&contentval=0Nsllzzzzzzzzzzzzzzzzzzzzzzzzz&datanum=5692081&page=1,569208129,겨울너무싫어,26.07.13,개썅좋아
5692081,https://cafe.daum.net/_c21_/bbs_read?grpid=1IHuH&fldid=ReHf&contentval=0Nsllzzzzzzzzzzzzzzzzzzzzzzzzz&datanum=5692081&page=1,569208130,모닝글로리볶음,26.07.13,불호... ㄹㅇ평냉은 다대기 듬뿍 넣은 맛이라던데 왜 이 맛을 모르냐고 꺼드럭대는것도 꼴보기 싫어서 안먹음..
5692081,https://cafe.daum.net/_c21_/bbs_read?grpid=1IHuH&fldid=ReHf&contentval=0Nsllzzzzzzzzzzzzzzzzzzzzzzzzz&datanum=5692081&page=1,569208131,일본혐오자,26.07.13,우래옥 먹었는데 그냥 냉면이랑 육수가 미묘하게 다른거같은데 식초겨자 뿌리니까 비슷해짐
5692081,https://cafe.daum.net/_c21_/bbs_read?grpid=1IHuH&fldid=ReHf&contentval=0Nsllzzzzzzzzzzzzzzzzzzzzzzzzz&datanum=5692081&page=1,569208132,ENFJ또는ENTJ,26.07.13,호 함흥은 짜....
5692079,https://cafe.daum.net/_c21_/bbs_read?grpid=1IHuH&fldid=ReHf&contentval=0Nsljzzzzzzzzzzzzzzzzzzzzzzzzz&datanum=5692079&page=1,56920791,메탈리카,26.07.13,공중제비합니다ㅠㅋㅋㅋ
5692079,https://cafe.daum.net/_c21_/bbs_read?grpid=1IHuH&fldid=ReHf&contentval=0Nsljzzzzzzzzzzzzzzzzzzzzzzzzz&datanum=5692079&page=1,56920792,빵보의하루,26.07.13,어라라 다시 안올줄 알았는데!!!!!!!가야겠다
5692079,https://cafe.daum.net/_c21_/bbs_read?grpid=1IHuH&fldid=ReHf&contentval=0Nsljzzzzzzzzzzzzzzzzzzzzzzzzz&datanum=5692079&page=1,56920793,블랙 달리아,26.07.13,공중제비 ㅋㅋㅋㅋ
5692079,https://cafe.daum.net/_c21_/bbs_read?grpid=1IHuH&fldid=ReHf&contentval=0Nsljzzzzzzzzzzzzzzzzzzzzzzzzz&datanum=5692079&page=1,56920794,블랙 달리아,26.07.13,"흐에이~~~
스뜨에이~~~~~
마뷰리풀어쩌구
헤이!"
5692079,https://cafe.daum.net/_c21_/bbs_read?grpid=1IHuH&fldid=ReHf&contentval=0Nsljzzzzzzzzzzzzzzzzzzzzzzzzz&datanum=5692079&page=1,56920795,윈멜밀,26.07.13,난 배우분 하는거처럼 그런 분인줄알았네 ㅋㅋㅋㅋㅋ
5692079,https://cafe.daum.net/_c21_/bbs_read?grpid=1IHuH&fldid=ReHf&contentval=0Nsljzzzzzzzzzzzzzzzzzzzzzzzzz&datanum=5692079&page=1,56920796,Fluently,26.07.13,요즘 얘 노래 많이 듣는데 가야겠다
5692079,https://cafe.daum.net/_c21_/bbs_read?grpid=1IHuH&fldid=ReHf&contentval=0Nsljzzzzzzzzzzzzzzzzzzzzzzzzz&datanum=5692079&page=1,56920797,Grizzly,26.07.13,노래 2개 아는데 반짝 히트 가수야?
5692079,https://cafe.daum.net/_c21_/bbs_read?grpid=1IHuH&fldid=ReHf&contentval=0Nsljzzzzzzzzzzzzzzzzzzzzzzzzz&datanum=5692079&page=1,569207917,Fluently,26.07.13,"""THE ONE HIT WONDER - The Whole Internet"" '온인터넷에선 날 한 곡만 크게 히트한 가수라고들 하지' 이런 의미인데 인터넷상의 말을 아예 포스터에 넣어서 유쾌하게 풀어내고 정면돌파하는 느낌같어ㅋㅋㅋㅋ공중제비했던 Beautiful Things가 엄청 크게 히트했었어"
5692079,https://cafe.daum.net/_c21_/bbs_read?grpid=1IHuH&fldid=ReHf&contentval=0Nsljzzzzzzzzzzzzzzzzzzzzzzzzz&datanum=5692079&page=1,56920798,둥탁두둥탁,26.07.13,10월 26일이면 월욜이네ㅜ 까비ㅜㅜ
5692079,https://cafe.daum.net/_c21_/bbs_read?grpid=1IHuH&fldid=ReHf&contentval=0Nsljzzzzzzzzzzzzzzzzzzzzzzzzz&datanum=5692079&page=1,56920799,shineonme,26.07.13,아니.... 도대체.. 아니.. 세상에...
5692079,https://cafe.daum.net/_c21_/bbs_read?grpid=1IHuH&fldid=ReHf&contentval=0Nsljzzzzzzzzzzzzzzzzzzzzzzzzz&datanum=5692079&page=1,569207910,두더지발바닥,26.07.13,포스터왜저래?ㅋㅋㅋㅋㅋㅋㅋㅋㅋ
5692079,https://cafe.daum.net/_c21_/bbs_read?grpid=1IHuH&fldid=ReHf&contentval=0Nsljzzzzzzzzzzzzzzzzzzzzzzzzz&datanum=5692079&page=1,569207911,곰표밀가리,26.07.13,노래를 넘 잘해서 가보고픔
5692079,https://cafe.daum.net/_c21_/bbs_read?grpid=1IHuH&fldid=ReHf&contentval=0Nsljzzzzzzzzzzzzzzzzzzzzzzzzz&datanum=5692079&page=1,569207912,이서우,26.07.13,보고싶은데 킨텍스는 싫어
5692079,https://cafe.daum.net/_c21_/bbs_read?grpid=1IHuH&fldid=ReHf&contentval=0Nsljzzzzzzzzzzzzzzzzzzzzzzzzz&datanum=5692079&page=1,569207915,문제시내말이더맞음,26.07.13,2...싫어
5692079,https://cafe.daum.net/_c21_/bbs_read?grpid=1IHuH&fldid=ReHf&contentval=0Nsljzzzzzzzzzzzzzzzzzzzzzzzzz&datanum=5692079&page=1,569207913,이여르미,26.07.13,킨텍스 개적폐ㅠ
5692079,https://cafe.daum.net/_c21_/bbs_read?grpid=1IHuH&fldid=ReHf&contentval=0Nsljzzzzzzzzzzzzzzzzzzzzzzzzz&datanum=5692079&page=1,569207914,찰리 허냄,26.07.13,처음에 왔을땐 괜찮았는데 지금은 게이킹처럼 됐어
5692079,https://cafe.daum.net/_c21_/bbs_read?grpid=1IHuH&fldid=ReHf&contentval=0Nsljzzzzzzzzzzzzzzzzzzzzzzzzz&datanum=5692079&page=1,569207916,단종 이홍위,26.07.13,아 왜 킨텍스야아악
5692079,https://cafe.daum.net/_c21_/bbs_read?grpid=1IHuH&fldid=ReHf&contentval=0Nsljzzzzzzzzzzzzzzzzzzzzzzzzz&datanum=5692079&page=1,569207918,춤을 추며 절망이랑 싸울 거야,26.07.13,킨텍스 ㅈㄴ 적폐인데 저기서
5692079,https://cafe.daum.net/_c21_/bbs_read?grpid=1IHuH&fldid=ReHf&contentval=0Nsljzzzzzzzzzzzzzzzzzzzzzzzzz&datanum=5692079&page=1,569207919,You look so cuddly like that,26.07.13,"공중제비 합니다, 마법도 포함 < 이게 내한콘서트에 붙을 문구인게 ㅈㄴ 웃김"
5692079,https://cafe.daum.net/_c21_/bbs_read?grpid=1IHuH&fldid=ReHf&contentval=0Nsljzzzzzzzzzzzzzzzzzzzzzzzzz&datanum=5692079&page=1,569207920,Hvoveta,26.07.13,가야댐 진짜.... 개조음 라이브 ㅜ
5692079,https://cafe.daum.net/_c21_/bbs_read?grpid=1IHuH&fldid=ReHf&contentval=0Nsljzzzzzzzzzzzzzzzzzzzzzzzzz&datanum=5692079&page=1,569207921,애늬늬,26.07.13,포스터 왜저앸ㅋㅋㅋ 아 킨텍스 하..
5692079,https://cafe.daum.net/_c21_/bbs_read?grpid=1IHuH&fldid=ReHf&contentval=0Nsljzzzzzzzzzzzzzzzzzzzzzzzzz&datanum=5692079&page=1,569207922,English,26.07.13,ㅅㅂ 포스터 뭔데ㅠ
5692078,https://cafe.daum.net/_c21_/bbs_read?grpid=1IHuH&fldid=ReHf&contentval=0Nslizzzzzzzzzzzzzzzzzzzzzzzzz&datanum=5692078&page=1,56920781,빚은이,26.07.13,대박사건으로 엮여서 혐관으로 시작하는 게 재밌는데 이건 인물소개만 봐도 뭔가 잔잔하네
5692078,https://cafe.daum.net/_c21_/bbs_read?grpid=1IHuH&fldid=ReHf&contentval=0Nslizzzzzzzzzzzzzzzzzzzzzzzzz&datanum=5692078&page=1,56920782,전화처받어,26.07.13,헐 진경이 하석진 엄마야?ㅋㅋㅋㅋㅋㅋ
5692078,https://cafe.daum.net/_c21_/bbs_read?grpid=1IHuH&fldid=ReHf&contentval=0Nslizzzzzzzzzzzzzzzzzzzzzzzzz&datanum=5692078&page=1,56920785,이지외단,26.07.13,예????누나가 아니라?
5692078,https://cafe.daum.net/_c21_/bbs_read?grpid=1IHuH&fldid=ReHf&contentval=0Nslizzzzzzzzzzzzzzzzzzzzzzzzz&datanum=5692078&page=1,56920783,일말의가능성,26.07.13,요새 kbs 주드 노잼인데 ㅠ 이건 어떠려나
5692078,https://cafe.daum.net/_c21_/bbs_read?grpid=1IHuH&fldid=ReHf&contentval=0Nslizzzzzzzzzzzzzzzzzzzzzzzzz&datanum=5692078&page=1,56920784,575849,26.07.13,하석진왤케안늙엇냐 ㄷㄷ
5692078,https://cafe.daum.net/_c21_/bbs_read?grpid=1IHuH&fldid=ReHf&contentval=0Nslizzzzzzzzzzzzzzzzzzzzzzzzz&datanum=5692078&page=1,56920786,Toothless,26.07.13,가라...
5692078,https://cafe.daum.net/_c21_/bbs_read?grpid=1IHuH&fldid=ReHf&contentval=0Nslizzzzzzzzzzzzzzzzzzzzzzzzz&datanum=5692078&page=1,56920787,바나나푸딩이좋아,26.07.13,두살차이로는 안보이는데 또 주위 30대중반냄져보다는 하석진 와꾸가 나은거같기도하고.. 모르것다
5692078,https://cafe.daum.net/_c21_/bbs_read?grpid=1IHuH&fldid=ReHf&contentval=0Nslizzzzzzzzzzzzzzzzzzzzzzzzz&datanum=5692078&page=1,56920788,아파트이웃들이수상타,26.07.13,하 니 조 아
5692078,https://cafe.daum.net/_c21_/bbs_read?grpid=1IHuH&fldid=ReHf&contentval=0Nslizzzzzzzzzzzzzzzzzzzzzzzzz&datanum=5692078&page=1,56920789,새홍샤롱,26.07.13,하니 결혼은 했나?
5692078,https://cafe.daum.net/_c21_/bbs_read?grpid=1IHuH&fldid=ReHf&contentval=0Nslizzzzzzzzzzzzzzzzzzzzzzzzz&datanum=5692078&page=1,569207810,임시완♥,26.07.13,내용 보면서 진짜 케베스 드라마같다 했는데 진짜 케베스 드라마네ㅋㅋㅋ그냥 케베스 답다
5692078,https://cafe.daum.net/_c21_/bbs_read?grpid=1IHuH&fldid=ReHf&contentval=0Nslizzzzzzzzzzzzzzzzzzzzzzzzz&datanum=5692078&page=1,569207811,문명하셨습니다,26.07.13,눈 시린 느낌..
5692078,https://cafe.daum.net/_c21_/bbs_read?grpid=1IHuH&fldid=ReHf&contentval=0Nslizzzzzzzzzzzzzzzzzzzzzzzzz&datanum=5692078&page=1,569207812,김마틴,26.07.13,왤케 크라임씬같냐
5692078,https://cafe.daum.net/_c21_/bbs_read?grpid=1IHuH&fldid=ReHf&contentval=0Nslizzzzzzzzzzzzzzzzzzzzzzzzz&datanum=5692078&page=1,569207813,RaMola,26.07.13,가족드라마 좋아하는데 재밌있겠지
5692078,https://cafe.daum.net/_c21_/bbs_read?grpid=1IHuH&fldid=ReHf&contentval=0Nslizzzzzzzzzzzzzzzzzzzzzzzzz&datanum=5692078&page=1,569207814,이런ㄱ같은,26.07.13,진경이 하석진 엄마?? 60살 엄마는 엄청난 동안이고 35살 아들은 개노안인가... 실제로는 안희연 하석진 진경 다 10살씩 차이나네
5692074,https://cafe.daum.net/_c21_/bbs_read?grpid=1IHuH&fldid=ReHf&contentval=0Nslezzzzzzzzzzzzzzzzzzzzzzzzz&datanum=5692074&page=1,56920741,햼부기,26.07.13,양도세 내려주걿아
5692074,https://cafe.daum.net/_c21_/bbs_read?grpid=1IHuH&fldid=ReHf&contentval=0Nslezzzzzzzzzzzzzzzzzzzzzzzzz&datanum=5692074&page=1,56920742,코코입,26.07.13,입벌구라서 또 뭐 할지 무섭네
5692074,https://cafe.daum.net/_c21_/bbs_read?grpid=1IHuH&fldid=ReHf&contentval=0Nslezzzzzzzzzzzzzzzzzzzzzzzzz&datanum=5692074&page=1,56920743,tru me break free,26.07.13,보유세 빌드업이겟지 뭐 기대도 안됨 이제
5692077,https://cafe.daum.net/_c21_/bbs_read?grpid=1IHuH&fldid=ReHf&contentval=0Nslhzzzzzzzzzzzzzzzzzzzzzzzzz&datanum=5692077&page=1,56920771,목표를 포착했다,26.07.13,귀여워 ㅋㅋㅋㅋㅋㅋㅋㅋㅋ
5692077,https://cafe.daum.net/_c21_/bbs_read?grpid=1IHuH&fldid=ReHf&contentval=0Nslhzzzzzzzzzzzzzzzzzzzzzzzzz&datanum=5692077&page=1,56920772,Fluently,26.07.13,ㅋㅋㅋㅋㅋㅋㅋㅋㅋㅋㅋㅋㅋㅋㅋㅋㅋ
5692077,https://cafe.daum.net/_c21_/bbs_read?grpid=1IHuH&fldid=ReHf&contentval=0Nslhzzzzzzzzzzzzzzzzzzzzzzzzz&datanum=5692077&page=1,56920773,방귀낄때떠나라,26.07.13,ㄱㅇㅇ
5692077,https://cafe.daum.net/_c21_/bbs_read?grpid=1IHuH&fldid=ReHf&contentval=0Nslhzzzzzzzzzzzzzzzzzzzzzzzzz&datanum=5692077&page=1,56920774,늑대소년,26.07.13,차차알아가겠습니닼ㅋㅋㅋㅋㅋㅋㅋㅋ ㄱㅇㅇ
5692077,https://cafe.daum.net/_c21_/bbs_read?grpid=1IHuH&fldid=ReHf&contentval=0Nslhzzzzzzzzzzzzzzzzzzzzzzzzz&datanum=5692077&page=1,56920775,평안,26.07.13,ㅋㅋㅋㅋㅋ 나도 모솔일때는 헤어지면 엄청 힘든걸 이해못했어
5692077,https://cafe.daum.net/_c21_/bbs_read?grpid=1IHuH&fldid=ReHf&contentval=0Nslhzzzzzzzzzzzzzzzzzzzzzzzzz&datanum=5692077&page=1,56920776,투지의 바다회오리,26.07.13,무던한게 아니라 무지하다는 말이 개웃기넼ㅋㅋㅋ 정확하게 표현했다 진심
5692077,https://cafe.daum.net/_c21_/bbs_read?grpid=1IHuH&fldid=ReHf&contentval=0Nslhzzzzzzzzzzzzzzzzzzzzzzzzz&datanum=5692077&page=1,56920777,도루왕 노시환,26.07.13,ㄱㅇㅇ
5692077,https://cafe.daum.net/_c21_/bbs_read?grpid=1IHuH&fldid=ReHf&contentval=0Nslhzzzzzzzzzzzzzzzzzzzzzzzzz&datanum=5692077&page=1,56920778,크리링에코,26.07.13,나도 모솔때 힘든거 전혀 이해못했음ㅋㅋㅋㅋㅋㅋ
5692077,https://cafe.daum.net/_c21_/bbs_read?grpid=1IHuH&fldid=ReHf&contentval=0Nslhzzzzzzzzzzzzzzzzzzzzzzzzz&datanum=5692077&page=1,56920779,뽀또뽀또뽀또뽀도,26.07.13,무지한거 ㅋㅋㅋㅋㅋㅋㅋㅋㅋㅋㅋㅋ
5692075,https://cafe.daum.net/_c21_/bbs_read?grpid=1IHuH&fldid=ReHf&contentval=0Nslfzzzzzzzzzzzzzzzzzzzzzzzzz&datanum=5692075&page=1,56920751,김짜몽,26.07.13,청탁물품 리스트 나열하면 어디 백화점 입점 브랜드 리스트랑 비교해도 손색없겟다
5692075,https://cafe.daum.net/_c21_/bbs_read?grpid=1IHuH&fldid=ReHf&contentval=0Nslfzzzzzzzzzzzzzzzzzzzzzzzzz&datanum=5692075&page=1,56920752,찹쌀궁둥,26.07.13,건강 안 좋다고 말하면 안나와도 되고 참 편하겠네
5692076,https://cafe.daum.net/_c21_/bbs_read?grpid=1IHuH&fldid=ReHf&contentval=0Nslgzzzzzzzzzzzzzzzzzzzzzzzzz&datanum=5692076&page=1,5692076151,별나비,26.07.13,와 평단 온다 지랄 시작
5692076,https://cafe.daum.net/_c21_/bbs_read?grpid=1IHuH&fldid=ReHf&contentval=0Nslgzzzzzzzzzzzzzzzzzzzzzzzzz&datanum=5692076&page=1,5692076152,냥이햄,26.07.13,샤갈 230층에 사람있어요
5692076,https://cafe.daum.net/_c21_/bbs_read?grpid=1IHuH&fldid=ReHf&contentval=0Nslgzzzzzzzzzzzzzzzzzzzzzzzzz&datanum=5692076&page=1,5692076153,팽버,26.07.13,와우
5692076,https://cafe.daum.net/_c21_/bbs_read?grpid=1IHuH&fldid=ReHf&contentval=0Nslgzzzzzzzzzzzzzzzzzzzzzzzzz&datanum=5692076&page=1,5692076154,반갑시소,26.07.13,와이라노 ㅜㅜㅜ
5692076,https://cafe.daum.net/_c21_/bbs_read?grpid=1IHuH&fldid=ReHf&contentval=0Nslgzzzzzzzzzzzzzzzzzzzzzzzzz&datanum=5692076&page=1,5692076155,녹차라테,26.07.13,ㅁㅊ
5692076,https://cafe.daum.net/_c21_/bbs_read?grpid=1IHuH&fldid=ReHf&contentval=0Nslgzzzzzzzzzzzzzzzzzzzzzzzzz&datanum=5692076&page=1,5692076156,골드망고스무디존맛,26.07.13,존나오래도버텻네
5692076,https://cafe.daum.net/_c21_/bbs_read?grpid=1IHuH&fldid=ReHf&contentval=0Nslgzzzzzzzzzzzzzzzzzzzzzzzzz&datanum=5692076&page=1,5692076157,꽃나무야,26.07.13,미칀 이러다 오천피 다시 가는거 아니냐고
5692076,https://cafe.daum.net/_c21_/bbs_read?grpid=1IHuH&fldid=ReHf&contentval=0Nslgzzzzzzzzzzzzzzzzzzzzzzzzz&datanum=5692076&page=1,5692076158,그냥 하염없이 눈물이 나,26.07.13,시발 내 퍙단까지 오겠네
5692076,https://cafe.daum.net/_c21_/bbs_read?grpid=1IHuH&fldid=ReHf&contentval=0Nslgzzzzzzzzzzzzzzzzzzzzzzzzz&datanum=5692076&page=1,5692076159,엳덥,26.07.13,묻 어
5692076,https://cafe.daum.net/_c21_/bbs_read?grpid=1IHuH&fldid=ReHf&contentval=0Nslgzzzzzzzzzzzzzzzzzzzzzzzzz&datanum=5692076&page=1,5692076160,123라45678,26.07.13,더 떨어지믄 산다
5692076,https://cafe.daum.net/_c21_/bbs_read?grpid=1IHuH&fldid=ReHf&contentval=0Nslgzzzzzzzzzzzzzzzzzzzzzzzzz&datanum=5692076&page=1,5692076161,짜짜라아아아,26.07.13,지금이야? 지금 들어가??
5692076,https://cafe.daum.net/_c21_/bbs_read?grpid=1IHuH&fldid=ReHf&contentval=0Nslgzzzzzzzzzzzzzzzzzzzzzzzzz&datanum=5692076&page=1,5692076162,찹쌀궁둥,26.07.13,미쳤니
5692076,https://cafe.daum.net/_c21_/bbs_read?grpid=1IHuH&fldid=ReHf&contentval=0Nslgzzzzzzzzzzzzzzzzzzzzzzzzz&datanum=5692076&page=1,5692076163,존맛탱이네,26.07.13,대체 왜이럴까?? 미국상장해서?
5692076,https://cafe.daum.net/_c21_/bbs_read?grpid=1IHuH&fldid=ReHf&contentval=0Nslgzzzzzzzzzzzzzzzzzzzzzzzzz&datanum=5692076&page=1,5692076164,오라일락향기,26.07.13,와우 260에 괜히 조급하게 사가지고 ㅎㅎㅎㅎㅎ물타야할 시점인지도 모르겟다
5692076,https://cafe.daum.net/_c21_/bbs_read?grpid=1IHuH&fldid=ReHf&contentval=0Nslgzzzzzzzzzzzzzzzzzzzzzzzzz&datanum=5692076&page=1,5692076165,돈을 받는 닭꼬치 트럭,26.07.13,얼씨구
5692076,https://cafe.daum.net/_c21_/bbs_read?grpid=1IHuH&fldid=ReHf&contentval=0Nslgzzzzzzzzzzzzzzzzzzzzzzzzz&datanum=5692076&page=1,5692076166,양추배,26.07.13,그깟 어플 지우면 돼
5692076,https://cafe.daum.net/_c21_/bbs_read?grpid=1IHuH&fldid=ReHf&contentval=0Nslgzzzzzzzzzzzzzzzzzzzzzzzzz&datanum=5692076&page=1,5692076167,멸치칼국수10분레시피,26.07.13,나 곡소리도 안나와 이제 그만해줘
5692076,https://cafe.daum.net/_c21_/bbs_read?grpid=1IHuH&fldid=ReHf&contentval=0Nslgzzzzzzzzzzzzzzzzzzzzzzzzz&datanum=5692076&page=1,5692076168,감자다다,26.07.13,미친놈아
5692076,https://cafe.daum.net/_c21_/bbs_read?grpid=1IHuH&fldid=ReHf&contentval=0Nslgzzzzzzzzzzzzzzzzzzzzzzzzz&datanum=5692076&page=1,5692076170,미니소,26.07.13,200에 주웠는데 줍자마자 파란불행
5692076,https://cafe.daum.net/_c21_/bbs_read?grpid=1IHuH&fldid=ReHf&contentval=0Nslgzzzzzzzzzzzzzzzzzzzzzzzzz&datanum=5692076&page=1,5692076172,콜롬비아 우일라,26.07.13,와우 ㅅㅂ ㅅㅂㅅㅂ
5692076,https://cafe.daum.net/_c21_/bbs_read?grpid=1IHuH&fldid=ReHf&contentval=0Nslgzzzzzzzzzzzzzzzzzzzzzzzzz&datanum=5692076&page=1,5692076173,말랑캉우,26.07.13,메쳣냐
5692076,https://cafe.daum.net/_c21_/bbs_read?grpid=1IHuH&fldid=ReHf&contentval=0Nslgzzzzzzzzzzzzzzzzzzzzzzzzz&datanum=5692076&page=1,5692076174,고영의,26.07.13,시벌놈아
5692076,https://cafe.daum.net/_c21_/bbs_read?grpid=1IHuH&fldid=ReHf&contentval=0Nslgzzzzzzzzzzzzzzzzzzzzzzzzz&datanum=5692076&page=1,5692076175,고영의,26.07.13,개잡주
5692076,https://cafe.daum.net/_c21_/bbs_read?grpid=1IHuH&fldid=ReHf&contentval=0Nslgzzzzzzzzzzzzzzzzzzzzzzzzz&datanum=5692076&page=1,5692076176,초밥김말이스팸,26.07.13,아아...
5692076,https://cafe.daum.net/_c21_/bbs_read?grpid=1IHuH&fldid=ReHf&contentval=0Nslgzzzzzzzzzzzzzzzzzzzzzzzzz&datanum=5692076&page=1,5692076177,올해꼭스피또1등당첨될겁니다,26.07.13,아이 시발새끼야
5692076,https://cafe.daum.net/_c21_/bbs_read?grpid=1IHuH&fldid=ReHf&contentval=0Nslgzzzzzzzzzzzzzzzzzzzzzzzzz&datanum=5692076&page=1,5692076178,뭉밍잉,26.07.13,주워볼까
5692076,https://cafe.daum.net/_c21_/bbs_read?grpid=1IHuH&fldid=ReHf&contentval=0Nslgzzzzzzzzzzzzzzzzzzzzzzzzz&datanum=5692076&page=1,5692076179,에리애비,26.07.13,구라치지마 제발
5692076,https://cafe.daum.net/_c21_/bbs_read?grpid=1IHuH&fldid=ReHf&contentval=0Nslgzzzzzzzzzzzzzzzzzzzzzzzzz&datanum=5692076&page=1,5692076180,말띠해 행복해,26.07.13,ㅅㅂㅅㅂ 도랏냐
5692076,https://cafe.daum.net/_c21_/bbs_read?grpid=1IHuH&fldid=ReHf&contentval=0Nslgzzzzzzzzzzzzzzzzzzzzzzzzz&datanum=5692076&page=1,5692076182,THE SUBSTANCE.,26.07.13,진수 어캄
5692076,https://cafe.daum.net/_c21_/bbs_read?grpid=1IHuH&fldid=ReHf&contentval=0Nslgzzzzzzzzzzzzzzzzzzzzzzzzz&datanum=5692076&page=1,5692076183,하이하이,26.07.13,내려가는 것도 빨리 내려가네
5692076,https://cafe.daum.net/_c21_/bbs_read?grpid=1IHuH&fldid=ReHf&contentval=0Nslgzzzzzzzzzzzzzzzzzzzzzzzzz&datanum=5692076&page=1,5692076184,marrrrine,26.07.13,미친아오
5692076,https://cafe.daum.net/_c21_/bbs_read?grpid=1IHuH&fldid=ReHf&contentval=0Nslgzzzzzzzzzzzzzzzzzzzzzzzzz&datanum=5692076&page=1,5692076185,법보다가까운주먹,26.07.13,다음주 160 올듯ㅅㅂ
5692076,https://cafe.daum.net/_c21_/bbs_read?grpid=1IHuH&fldid=ReHf&contentval=0Nslgzzzzzzzzzzzzzzzzzzzzzzzzz&datanum=5692076&page=1,5692076186,쿵짝짝쿵짝짝따라리라라,26.07.13,ㅁㅊ
5692076,https://cafe.daum.net/_c21_/bbs_read?grpid=1IHuH&fldid=ReHf&contentval=0Nslgzzzzzzzzzzzzzzzzzzzzzzzzz&datanum=5692076&page=1,5692076187,소희,26.07.13,수익실현 완
5692076,https://cafe.daum.net/_c21_/bbs_read?grpid=1IHuH&fldid=ReHf&contentval=0Nslgzzzzzzzzzzzzzzzzzzzzzzzzz&datanum=5692076&page=1,5692076188,내집값만오르자,26.07.13,미쳤다 더떨어지면 주울게요
5692076,https://cafe.daum.net/_c21_/bbs_read?grpid=1IHuH&fldid=ReHf&contentval=0Nslgzzzzzzzzzzzzzzzzzzzzzzzzz&datanum=5692076&page=1,5692076189,Zendaya Coleman,26.07.13,와하하하하하하하하
5692076,https://cafe.daum.net/_c21_/bbs_read?grpid=1IHuH&fldid=ReHf&contentval=0Nslgzzzzzzzzzzzzzzzzzzzzzzzzz&datanum=5692076&page=1,5692076190,하영이,26.07.13,아나진짜 그사람이 너무신기함 남자유투버 ㅋㅋㅋㅋㅋㅋㅋㅋㅋㅋ 말하면 다 반대로된다는
5692076,https://cafe.daum.net/_c21_/bbs_read?grpid=1IHuH&fldid=ReHf&contentval=0Nslgzzzzzzzzzzzzzzzzzzzzzzzzz&datanum=5692076&page=1,5692076191,과자바삭삭,26.07.13,회피한다!
5692076,https://cafe.daum.net/_c21_/bbs_read?grpid=1IHuH&fldid=ReHf&contentval=0Nslgzzzzzzzzzzzzzzzzzzzzzzzzz&datanum=5692076&page=1,5692076192,소형준,26.07.13,진수 어캄
5692076,https://cafe.daum.net/_c21_/bbs_read?grpid=1IHuH&fldid=ReHf&contentval=0Nslgzzzzzzzzzzzzzzzzzzzzzzzzz&datanum=5692076&page=1,5692076193,초코사탕,26.07.13,하아
5692076,https://cafe.daum.net/_c21_/bbs_read?grpid=1IHuH&fldid=ReHf&contentval=0Nslgzzzzzzzzzzzzzzzzzzzzzzzzz&datanum=5692076&page=1,5692076194,댕냥댕댕,26.07.13,어플 지운다...
5692073,https://cafe.daum.net/_c21_/bbs_read?grpid=1IHuH&fldid=ReHf&contentval=0Nsldzzzzzzzzzzzzzzzzzzzzzzzzz&datanum=5692073&page=1,56920731,뽀로뽀로미,26.07.13,윤보다도 이쪽더 찐이다;;;;
5692071,https://cafe.daum.net/_c21_/bbs_read?grpid=1IHuH&fldid=ReHf&contentval=0Nslbzzzzzzzzzzzzzzzzzzzzzzzzz&datanum=5692071&page=1,56920711,누망,26.07.13,흥미롭다
5692071,https://cafe.daum.net/_c21_/bbs_read?grpid=1IHuH&fldid=ReHf&contentval=0Nslbzzzzzzzzzzzzzzzzzzzzzzzzz&datanum=5692071&page=1,56920712,나랑 변보러 가지 않을래,26.07.13,걍 잘하는거 맞음ㅋㅋㅋ표정연기 잘한다는 반응 엄청 많이 봄
5692071,https://cafe.daum.net/_c21_/bbs_read?grpid=1IHuH&fldid=ReHf&contentval=0Nslbzzzzzzzzzzzzzzzzzzzzzzzzz&datanum=5692071&page=1,56920713,평안,26.07.13,한국에선 연기못하면 인기많아도 존나쳐맞고 대우못받으니께 ㅋㅋ 목숨걸고 하는거제.
5692071,https://cafe.daum.net/_c21_/bbs_read?grpid=1IHuH&fldid=ReHf&contentval=0Nslbzzzzzzzzzzzzzzzzzzzzzzzzz&datanum=5692071&page=1,56920714,수영해,26.07.13,근데 외국인들은 탑한테도 잘한다햇자나
5692071,https://cafe.daum.net/_c21_/bbs_read?grpid=1IHuH&fldid=ReHf&contentval=0Nslbzzzzzzzzzzzzzzzzzzzzzzzzz&datanum=5692071&page=1,56920715,샤라웃889,26.07.13,기준이 높아서 그런가 배우들 수준이 진짜 높은 것 같아
5692071,https://cafe.daum.net/_c21_/bbs_read?grpid=1IHuH&fldid=ReHf&contentval=0Nslbzzzzzzzzzzzzzzzzzzzzzzzzz&datanum=5692071&page=1,56920716,엽떡명랑핫도그,26.07.13,"일본은 못하고 중국은 되게 정형화된 연기를 하고...대사하기전에 2~3초 예열하는 그런 어떤 느낌이 있음
눈물 연기는 한국이 할리우드보다 나은거 같고 할리우드가 표정 더 잘쓴다 공감ㅋㅋㅋㅋ
근데 할리우드도 대사하기 전에 생각하는듯한 그런 지연이 있다고 느낌 바로바로 나오는 느낌은 한국이 제일 낫다"
5692071,https://cafe.daum.net/_c21_/bbs_read?grpid=1IHuH&fldid=ReHf&contentval=0Nslbzzzzzzzzzzzzzzzzzzzzzzzzz&datanum=5692071&page=1,56920717,빠나나 우유,26.07.13,마자 헐리웃 배우들 눈물연기 못해서 안약쓴다고 김윤진이 그래서 깜짝 놀랐다고 했어
5692071,https://cafe.daum.net/_c21_/bbs_read?grpid=1IHuH&fldid=ReHf&contentval=0Nslbzzzzzzzzzzzzzzzzzzzzzzzzz&datanum=5692071&page=1,56920718,딱풀딱풀,26.07.13,"우리나란 슬픔을 표현하는 연기는 진짜 미친거같음,,,"
5692071,https://cafe.daum.net/_c21_/bbs_read?grpid=1IHuH&fldid=ReHf&contentval=0Nslbzzzzzzzzzzzzzzzzzzzzzzzzz&datanum=5692071&page=1,56920719,Snowman,26.07.13,헐리우드가 그렇게 연기를 잘 해?? 영화보면서 딱히 느낀 적 없는데
5692071,https://cafe.daum.net/_c21_/bbs_read?grpid=1IHuH&fldid=ReHf&contentval=0Nslbzzzzzzzzzzzzzzzzzzzzzzzzz&datanum=5692071&page=1,569207110,박해수,26.07.13,난 서양배우들이 안면근육은 진짜 섬세하게 움직인다고 느끼는데 약간 나한테까지 감정이 확 와닿게 느껴지는 경우는 거의 없었고 우리나라 배우들은 나한테까지 감정이 전달되는것 같음. 일본중국은 진짜 몇 빼고는 연기가 아니라고 생각해서 논외 ^^...
5692071,https://cafe.daum.net/_c21_/bbs_read?grpid=1IHuH&fldid=ReHf&contentval=0Nslbzzzzzzzzzzzzzzzzzzzzzzzzz&datanum=5692071&page=1,569207111,와일드보드,26.07.13,근데 중간에 할리우드에 비빌겆 못되고 이거 너무 후려치기 ㅋㅋ거기도 잘하는 사람 믾은데 우리나라도 못지않게 잘하는거지 뭐 할리우드가 뭐라고 ㅋㅋㅋㅋ
5692071,https://cafe.daum.net/_c21_/bbs_read?grpid=1IHuH&fldid=ReHf&contentval=0Nslbzzzzzzzzzzzzzzzzzzzzzzzzz&datanum=5692071&page=1,569207112,이지외단,26.07.13,헐리우드는 날고기는 모든 인종 배우들이니 걍 한 나라 자체만으로는 한국이 제일 잘 하는거 같음
5692071,https://cafe.daum.net/_c21_/bbs_read?grpid=1IHuH&fldid=ReHf&contentval=0Nslbzzzzzzzzzzzzzzzzzzzzzzzzz&datanum=5692071&page=1,569207113,블랙 달리아,26.07.13,못하는 애들은 아예 작품을 못들어가지 않나..흠 아닌가 아니군
5692071,https://cafe.daum.net/_c21_/bbs_read?grpid=1IHuH&fldid=ReHf&contentval=0Nslbzzzzzzzzzzzzzzzzzzzzzzzzz&datanum=5692071&page=1,569207114,강원도드래요,26.07.13,잘하는 몇몇 빼고는 못 느끼겠던데
5692071,https://cafe.daum.net/_c21_/bbs_read?grpid=1IHuH&fldid=ReHf&contentval=0Nslbzzzzzzzzzzzzzzzzzzzzzzzzz&datanum=5692071&page=1,569207115,잡다한파우치,26.07.13,특출난 몇몇 배우 빼고 평균치로 따지면 우리나라 배우 연기 수준 높은거 맞다고 생각함
5692071,https://cafe.daum.net/_c21_/bbs_read?grpid=1IHuH&fldid=ReHf&contentval=0Nslbzzzzzzzzzzzzzzzzzzzzzzzzz&datanum=5692071&page=1,569207116,바리바리리스타,26.07.13,"한국배우만큼 차력쇼하는 배우 아직 못봤음
언어를 떠나서 말 한마디 안하는데도 아주 절절..."
5692071,https://cafe.daum.net/_c21_/bbs_read?grpid=1IHuH&fldid=ReHf&contentval=0Nslbzzzzzzzzzzzzzzzzzzzzzzzzz&datanum=5692071&page=1,569207117,kaku,26.07.13,동양인들 얼굴 똑같다고 보는데 외국인이 보는 거라 더 그렇게 보는 거 같음
5692071,https://cafe.daum.net/_c21_/bbs_read?grpid=1IHuH&fldid=ReHf&contentval=0Nslbzzzzzzzzzzzzzzzzzzzzzzzzz&datanum=5692071&page=1,569207118,두발의자유화,26.07.13,모르겟는데 .. 진짜 몇몇 배우들말고는
5692071,https://cafe.daum.net/_c21_/bbs_read?grpid=1IHuH&fldid=ReHf&contentval=0Nslbzzzzzzzzzzzzzzzzzzzzzzzzz&datanum=5692071&page=1,569207119,1호선시간지켜라,26.07.13,난 잘 모르겠음..
5692071,https://cafe.daum.net/_c21_/bbs_read?grpid=1IHuH&fldid=ReHf&contentval=0Nslbzzzzzzzzzzzzzzzzzzzzzzzzz&datanum=5692071&page=1,569207120,너 구 리 매 운 맛,26.07.13,"연기 소름 돋게 잘한다 하는 배우 드문 것 같고, 우리나라 배우들은 근데 자기 쪼(?)가 있는 배우들이 유난히 많은 것 같은데 그게 매력적으로 느껴짐"
5692071,https://cafe.daum.net/_c21_/bbs_read?grpid=1IHuH&fldid=ReHf&contentval=0Nslbzzzzzzzzzzzzzzzzzzzzzzzzz&datanum=5692071&page=1,569207121,한편 시리즈,26.07.13,"난 잘 모르겠어... 어느 나라던 간에 특출나게 잘하는 사람들은 다 잘하고.. 그 외는 평범하다고 생각함.. 할리우드로 치면 스칼렛 요한슨 루시에서 반쪽 눈물연기 그거 할 수 있는 사람 얼마나 될까 싶음.. 그리고 중국도 장국영 패왕별희 보고 ㅈㄴ 잘한다고 생각했고, 일본도 안도 사쿠라 연기 볼 때마다 잘한다고 생각함.."
5692071,https://cafe.daum.net/_c21_/bbs_read?grpid=1IHuH&fldid=ReHf&contentval=0Nslbzzzzzzzzzzzzzzzzzzzzzzzzz&datanum=5692071&page=1,569207122,전국전화공포증협회,26.07.13,난 우리나라도 걍 나 연기중! 다 이렇게 느껴지던데..
5692071,https://cafe.daum.net/_c21_/bbs_read?grpid=1IHuH&fldid=ReHf&contentval=0Nslbzzzzzzzzzzzzzzzzzzzzzzzzz&datanum=5692071&page=1,569207123,애써감추려,26.07.13,"최민식 눈물연기 1초만에, 수영 총맞을때도 바스트연기 이런거보면 우리나라의 쪼가 잇는거같긴 한데 그게 외국인이 봤을때 잘한다고 느껴질거같긴해 ㅋㅋㅋㅋ"
5692071,https://cafe.daum.net/_c21_/bbs_read?grpid=1IHuH&fldid=ReHf&contentval=0Nslbzzzzzzzzzzzzzzzzzzzzzzzzz&datanum=5692071&page=1,569207124,이가튼튼,26.07.13,나도 너무 연기라 느껴져서 별로던데 ㅋㅋㅋㅋ외국인들은 잘하게 느껴질듯
5692071,https://cafe.daum.net/_c21_/bbs_read?grpid=1IHuH&fldid=ReHf&contentval=0Nslbzzzzzzzzzzzzzzzzzzzzzzzzz&datanum=5692071&page=1,569207125,너어를무문다아,26.07.13,한국 배우가 연기를 잘하는 것도 있겠지만 한드나 영화 성향자체가 감정선을 따라가야한다고 해야하나? 콘텐츠 자체가 그런 류가 더 많아서인 것도 있을 것 같음.
5692071,https://cafe.daum.net/_c21_/bbs_read?grpid=1IHuH&fldid=ReHf&contentval=0Nslbzzzzzzzzzzzzzzzzzzzzzzzzz&datanum=5692071&page=1,569207126,임시완♥,26.07.13,한국어 만세
5692071,https://cafe.daum.net/_c21_/bbs_read?grpid=1IHuH&fldid=ReHf&contentval=0Nslbzzzzzzzzzzzzzzzzzzzzzzzzz&datanum=5692071&page=1,569207127,저스트데부,26.07.13,난 한국배우들 잘모르겠음 정형화된 특유의 대학연기과 입시연기 갈수록 너무심해지는긋
5692071,https://cafe.daum.net/_c21_/bbs_read?grpid=1IHuH&fldid=ReHf&contentval=0Nslbzzzzzzzzzzzzzzzzzzzzzzzzz&datanum=5692071&page=1,569207128,폭력주의자 간디,26.07.13,어..? 서양배우들이 훨씬 잘한다고 느꼈는데 언어를 못알아들어서 더 그렇게 느끼는건지.. 한국배우들은 진짜 걍 연기학원에서 배운 연기같음.. 나 연기하는중 이런느낌ㅋㅋㅋㅋ
5692071,https://cafe.daum.net/_c21_/bbs_read?grpid=1IHuH&fldid=ReHf&contentval=0Nslbzzzzzzzzzzzzzzzzzzzzzzzzz&datanum=5692071&page=1,569207129,아코르,26.07.13,"난 잘 모르겠어
나 연기해요~~~ 이런 느낌이라 ㅋㅋ
촤하하~ 흥칫뿡! 찌릿-- 다 이런 느낌
자연스러움이 좀 떨어짐"
5692071,https://cafe.daum.net/_c21_/bbs_read?grpid=1IHuH&fldid=ReHf&contentval=0Nslbzzzzzzzzzzzzzzzzzzzzzzzzz&datanum=5692071&page=1,569207130,깡포도,26.07.13,한국 대본 자체가 해외보다 감정의 진폭이 큰거 같음 감정이 요동치는데 배우가 연기를 못해 그럼 일 오래 못하지 않을까 미드 좋아하는데 cj감성 제외하더라도 한국 컨텐츠가 확실히 감정의 진폭이 크다고 느낌
5692071,https://cafe.daum.net/_c21_/bbs_read?grpid=1IHuH&fldid=ReHf&contentval=0Nslbzzzzzzzzzzzzzzzzzzzzzzzzz&datanum=5692071&page=1,569207131,LevI,26.07.13,와 난 우리나라 배우들 연기 개못한다고 생각했었는디
5692071,https://cafe.daum.net/_c21_/bbs_read?grpid=1IHuH&fldid=ReHf&contentval=0Nslbzzzzzzzzzzzzzzzzzzzzzzzzz&datanum=5692071&page=1,569207132,더패키지,26.07.13,"미국,일본이랑 비슷하게 느껴짐 더 잘하는건 모르겠고 발연기,명연기 배우는 어디에나 있으니까"
5692071,https://cafe.daum.net/_c21_/bbs_read?grpid=1IHuH&fldid=ReHf&contentval=0Nslbzzzzzzzzzzzzzzzzzzzzzzzzz&datanum=5692071&page=1,569207133,다 잘 되자!,26.07.13,근데 난 그만큼 저 업계가 한국에서 유달리 많이 비윤리적이라는 뜻도 된다고 봄ㅋㅋ 그런 환경에서 미칠정도로 연기를 시키니까 ㅇㅇ 연기 전공은 아니고 배우 진로 가고싶어서 학원에서 찍먹했었는데.. 더 했다간 우울증이든 뭐든 걸릴 거 같아서 때랴침 감정몰입이 쎄고 데미지가 큰 역할을 맡았을 때 후처리라던가 심리케어가 아직도 미미해.. 지금이야 점점 당연시 되는 추세지만 배우들 옛날에 왜 그렇게 자살 많이 했는지 이해했음 특히 여자배우들은 정말 위험한 환경에 많이 노출됨
5692071,https://cafe.daum.net/_c21_/bbs_read?grpid=1IHuH&fldid=ReHf&contentval=0Nslbzzzzzzzzzzzzzzzzzzzzzzzzz&datanum=5692071&page=1,569207134,만달로리안과그로구,26.07.13,오 나도 느낀적있어 한드에 익숙해져있다가 미드보면 연기 너무 발연기라 놀랄때 많음
5692072,https://cafe.daum.net/_c21_/bbs_read?grpid=1IHuH&fldid=ReHf&contentval=0Nslczzzzzzzzzzzzzzzzzzzzzzzzz&datanum=5692072&page=1,56920721,집중타보고타,26.07.13,신기하다... 한국배우들도 확실히 연극영화과 출신들 중에서도 연극 경험 많은 배우들이 잘하잖아 관객 바로 앞에서 하는게 진짜 큰 영향을 주나봐
5692072,https://cafe.daum.net/_c21_/bbs_read?grpid=1IHuH&fldid=ReHf&contentval=0Nslczzzzzzzzzzzzzzzzzzzzzzzzz&datanum=5692072&page=1,56920722,나옹ㅇl,26.07.13,나도 그래서 영국배우들 좋아하고 영국에서 만든 드라마 더 좋아함 다들 엄청 뜨고나서도 인터뷰보면 연극에 대한 열망도 커보이더라 영국배우들 악센트 바꾸는것도 ㅈㄴ신기함
5692072,https://cafe.daum.net/_c21_/bbs_read?grpid=1IHuH&fldid=ReHf&contentval=0Nslczzzzzzzzzzzzzzzzzzzzzzzzz&datanum=5692072&page=1,56920723,블랙 달리아,26.07.13,연기 맘에 들어서 국적 보면 영국일 때가 많앗슨 톰홀 베니 플퓨 닉홀트 등등등
5692072,https://cafe.daum.net/_c21_/bbs_read?grpid=1IHuH&fldid=ReHf&contentval=0Nslczzzzzzzzzzzzzzzzzzzzzzzzz&datanum=5692072&page=1,56920724,벌꿀오소리는신경안써,26.07.13,좋아하는 영국배우들 필모보면 최근까지도 연극 계속하더라 연기열정이 엄청난거같음
5692072,https://cafe.daum.net/_c21_/bbs_read?grpid=1IHuH&fldid=ReHf&contentval=0Nslczzzzzzzzzzzzzzzzzzzzzzzzz&datanum=5692072&page=1,56920725,Amy Pond,26.07.13,아 영국가서 연극보고싶다
5692072,https://cafe.daum.net/_c21_/bbs_read?grpid=1IHuH&fldid=ReHf&contentval=0Nslczzzzzzzzzzzzzzzzzzzzzzzzz&datanum=5692072&page=1,56920726,밍숭맹숭한,26.07.13,영국 배우들이 더 좋긴했는데 이런이유도 있었겠다
5692072,https://cafe.daum.net/_c21_/bbs_read?grpid=1IHuH&fldid=ReHf&contentval=0Nslczzzzzzzzzzzzzzzzzzzzzzzzz&datanum=5692072&page=1,56920727,Yves Klein,26.07.13,"저 연기에 대한 관점이 너무 국가적 특성 고대로를 반영하는 게 흥미롭다..ㅋㅋ
좋은 연기 스쿨 들어가서 연극부터 차근차근 엘리트주의 코스 > 영국, n초 안에 스스로를 매력적인 상품화 시켜서 데뷔 > 미국"
5692072,https://cafe.daum.net/_c21_/bbs_read?grpid=1IHuH&fldid=ReHf&contentval=0Nslczzzzzzzzzzzzzzzzzzzzzzzzz&datanum=5692072&page=1,56920728,머니머니해도뭐니,26.07.13,그리고 쟤들 돈잘벌어도 연극 계속해 에디 레드메인 앤드류가필드 다 연극도 짬짬이하더라
5692072,https://cafe.daum.net/_c21_/bbs_read?grpid=1IHuH&fldid=ReHf&contentval=0Nslczzzzzzzzzzzzzzzzzzzzzzzzz&datanum=5692072&page=1,56920729,설자은,26.07.13,영국은 배우가 말 그대로 '직업'임 한국은 당연하고 미국도 배우가 연예인 셀러브리티 느낌에 더 가깝다면 저기는 직업이고 그거에 맞게 훈련이나 교육도 되게 체계적임 그렇게 배워서 배우되는 게 당연한거고. 다들 스크린 스타 되고 나서도 본문처럼 연극 꾸준히 하고 그 업계 분위기랑 배우들의 마인드 자체가 달라 전체적으로 다른 나라보다 연기력 상향평준화일수밖에 없는 게 영국 배우임
5692072,https://cafe.daum.net/_c21_/bbs_read?grpid=1IHuH&fldid=ReHf&contentval=0Nslczzzzzzzzzzzzzzzzzzzzzzzzz&datanum=5692072&page=1,569207210,블랙 달리아,26.07.13,ㅁㅈ 계속 극 하는 거 자체가 진짜 직업인으로서의 배우같음
5692072,https://cafe.daum.net/_c21_/bbs_read?grpid=1IHuH&fldid=ReHf&contentval=0Nslczzzzzzzzzzzzzzzzzzzzzzzzz&datanum=5692072&page=1,569207211,휀싱큉,26.07.13,걍 우리가 영어를 잘 몰라그런거아냐? 영어를 잘모르니까 발성 발음 머 이런거 따질수가없으니까 대충버무려도 잘한다고 생각하는거아닌가....반면 우리나라는 우리가 잘아니까 더 기준빡세고
5692069,https://cafe.daum.net/_c21_/bbs_read?grpid=1IHuH&fldid=ReHf&contentval=0NslZzzzzzzzzzzzzzzzzzzzzzzzzz&datanum=5692069&page=1,5692069204,애늬늬,26.07.13,난 멸균 싫어...
5692069,https://cafe.daum.net/_c21_/bbs_read?grpid=1IHuH&fldid=ReHf&contentval=0NslZzzzzzzzzzzzzzzzzzzzzzzzzz&datanum=5692069&page=1,5692069205,휘바훔바,26.07.13,멸균우유 묘하게 비리고 분유맛 같은거 나서 도전 실패했는디
5692069,https://cafe.daum.net/_c21_/bbs_read?grpid=1IHuH&fldid=ReHf&contentval=0NslZzzzzzzzzzzzzzzzzzzzzzzzzz&datanum=5692069&page=1,5692069206,웩스,26.07.13,상하농원 멸균우유는 개맛있게먹는데 해외멸균우유는 입맛에 안맞아... 똑같이 멸균인데도 왜 차이나는거지ㅠ
5692069,https://cafe.daum.net/_c21_/bbs_read?grpid=1IHuH&fldid=ReHf&contentval=0NslZzzzzzzzzzzzzzzzzzzzzzzzzz&datanum=5692069&page=1,5692069207,선풍기청소하기,26.07.13,버터싸져라 제발
5692069,https://cafe.daum.net/_c21_/bbs_read?grpid=1IHuH&fldid=ReHf&contentval=0NslZzzzzzzzzzzzzzzzzzzzzzzzzz&datanum=5692069&page=1,5692069208,빅뱅,26.07.13,너무좋다...한국우유 밍밍했는데
5692069,https://cafe.daum.net/_c21_/bbs_read?grpid=1IHuH&fldid=ReHf&contentval=0NslZzzzzzzzzzzzzzzzzzzzzzzzzz&datanum=5692069&page=1,5692069209,쏘릅,26.07.13,멸균 묘하게 물맛나서 싫음 ㅠ
5692069,https://cafe.daum.net/_c21_/bbs_read?grpid=1IHuH&fldid=ReHf&contentval=0NslZzzzzzzzzzzzzzzzzzzzzzzzzz&datanum=5692069&page=1,5692069210,THE SUBSTANCE.,26.07.13,버터 싸지는건 좋다
5692069,https://cafe.daum.net/_c21_/bbs_read?grpid=1IHuH&fldid=ReHf&contentval=0NslZzzzzzzzzzzzzzzzzzzzzzzzzz&datanum=5692069&page=1,5692069211,피코크,26.07.13,근데 멸균우유 맛없어...ㅠㅠ걍 노브랜드 우유먹는게 최고
5692069,https://cafe.daum.net/_c21_/bbs_read?grpid=1IHuH&fldid=ReHf&contentval=0NslZzzzzzzzzzzzzzzzzzzzzzzzzz&datanum=5692069&page=1,5692069212,왕잦이좆장국,26.07.13,이제 빵값좀 내려오겠네
5692069,https://cafe.daum.net/_c21_/bbs_read?grpid=1IHuH&fldid=ReHf&contentval=0NslZzzzzzzzzzzzzzzzzzzzzzzzzz&datanum=5692069&page=1,5692069214,넵!아넵!넵!,26.07.13,멸균우유가 맛이없어서..ㅠ
5692069,https://cafe.daum.net/_c21_/bbs_read?grpid=1IHuH&fldid=ReHf&contentval=0NslZzzzzzzzzzzzzzzzzzzzzzzzzz&datanum=5692069&page=1,5692069215,앞니목사,26.07.13,멸균은 우리나라거든 외국거든 다 노맛이던데ㅠ라떼로 먹으면 맛있다 뭐해먹으명 맛있다 이래서 먹어봤는데 걍 노맛임ㅠ
5692069,https://cafe.daum.net/_c21_/bbs_read?grpid=1IHuH&fldid=ReHf&contentval=0NslZzzzzzzzzzzzzzzzzzzzzzzzzz&datanum=5692069&page=1,5692069216,샥즈오픈닷원,26.07.13,버터 싸졋느면... 상하목장 멸균우유 존맛이던데 해외건 어떠려나..
5692069,https://cafe.daum.net/_c21_/bbs_read?grpid=1IHuH&fldid=ReHf&contentval=0NslZzzzzzzzzzzzzzzzzzzzzzzzzz&datanum=5692069&page=1,5692069217,원하는 모든 걸 다 이룬다,26.07.13,국내 소 키우시는 분들 어떡해 ㅠㅠ 중간유통이 문제아니야??
5692069,https://cafe.daum.net/_c21_/bbs_read?grpid=1IHuH&fldid=ReHf&contentval=0NslZzzzzzzzzzzzzzzzzzzzzzzzzz&datanum=5692069&page=1,5692069218,지구별산,26.07.13,외국 소들이 더좋은 환경에서 덜학대당하는지 알아봐야지
5692069,https://cafe.daum.net/_c21_/bbs_read?grpid=1IHuH&fldid=ReHf&contentval=0NslZzzzzzzzzzzzzzzzzzzzzzzzzz&datanum=5692069&page=1,5692069219,kaiy,26.07.13,멸균맛없어..ㅠ
5692069,https://cafe.daum.net/_c21_/bbs_read?grpid=1IHuH&fldid=ReHf&contentval=0NslZzzzzzzzzzzzzzzzzzzzzzzzzz&datanum=5692069&page=1,5692069220,qwurt,26.07.13,빨리 싸졌으면 좋겠음 난 멸균을 더 좋아함 유통기한 길어서 보관 편하고 멸균 특유의 맛 좋아해서 ㅎㅎㅎ
5692069,https://cafe.daum.net/_c21_/bbs_read?grpid=1IHuH&fldid=ReHf&contentval=0NslZzzzzzzzzzzzzzzzzzzzzzzzzz&datanum=5692069&page=1,5692069221,드래곤시티,26.07.13,우리나라 우유 존나 비싼거 팩트였는데 뭐 잘됐음
5692069,https://cafe.daum.net/_c21_/bbs_read?grpid=1IHuH&fldid=ReHf&contentval=0NslZzzzzzzzzzzzzzzzzzzzzzzzzz&datanum=5692069&page=1,5692069222,풀꽃잎,26.07.13,멸균우유 맛없어서 잘 안먹고 카페에서도 안 씀.....카페서 멸균 쓰면 안 가
5692069,https://cafe.daum.net/_c21_/bbs_read?grpid=1IHuH&fldid=ReHf&contentval=0NslZzzzzzzzzzzzzzzzzzzzzzzzzz&datanum=5692069&page=1,5692069223,샤워도우,26.07.13,멸균 너무 맛 이상해서 놀랫는데 ㅠ
5692069,https://cafe.daum.net/_c21_/bbs_read?grpid=1IHuH&fldid=ReHf&contentval=0NslZzzzzzzzzzzzzzzzzzzzzzzzzz&datanum=5692069&page=1,5692069224,반복하면 길이 난다,26.07.13,우리나라 유제품 너무 비싸
5692069,https://cafe.daum.net/_c21_/bbs_read?grpid=1IHuH&fldid=ReHf&contentval=0NslZzzzzzzzzzzzzzzzzzzzzzzzzz&datanum=5692069&page=1,5692069225,지옥같은여기서날꺼내줘,26.07.13,헐 난 멸균 존맛ㅋㅋ매달 시켜머금ㅎㅋ
5692069,https://cafe.daum.net/_c21_/bbs_read?grpid=1IHuH&fldid=ReHf&contentval=0NslZzzzzzzzzzzzzzzzzzzzzzzzzz&datanum=5692069&page=1,5692069226,이츠실제상황,26.07.13,난 맛있는데 라떼 만들 때는 별로임 ㅜ
5692069,https://cafe.daum.net/_c21_/bbs_read?grpid=1IHuH&fldid=ReHf&contentval=0NslZzzzzzzzzzzzzzzzzzzzzzzzzz&datanum=5692069&page=1,5692069227,진저슈가 립밤,26.07.13,버터랑 생크림 가격 낮아지는 거 넘 좋다
5692070,https://cafe.daum.net/_c21_/bbs_read?grpid=1IHuH&fldid=ReHf&contentval=0Nslazzzzzzzzzzzzzzzzzzzzzzzzz&datanum=5692070&page=1,56920701,럭키비키우먼,26.07.13,징계는 무슨 당장 옷벗게해야지
5692070,https://cafe.daum.net/_c21_/bbs_read?grpid=1IHuH&fldid=ReHf&contentval=0Nslazzzzzzzzzzzzzzzzzzzzzzzzz&datanum=5692070&page=1,56920702,쌉소리삑삑,26.07.13,시뱔새끼들 사람 죽인 살인자를 저렇게 두둔하고 증거인멸해주냐 다같은 공범으로 사형때ㅑ려야돼
5692070,https://cafe.daum.net/_c21_/bbs_read?grpid=1IHuH&fldid=ReHf&contentval=0Nslazzzzzzzzzzzzzzzzzzzzzzzzz&datanum=5692070&page=1,56920703,라임레몬,26.07.13,이건 형사입건해야지
5692070,https://cafe.daum.net/_c21_/bbs_read?grpid=1IHuH&fldid=ReHf&contentval=0Nslazzzzzzzzzzzzzzzzzzzzzzzzz&datanum=5692070&page=1,56920704,호롤로로라,26.07.13,와 지 자식이 저런데 은닉해주고 싶을까? 가따 버려도 모자랄판에 역겹네
5692070,https://cafe.daum.net/_c21_/bbs_read?grpid=1IHuH&fldid=ReHf&contentval=0Nslazzzzzzzzzzzzzzzzzzzzzzzzz&datanum=5692070&page=1,56920705,녹차라떼에샷추가요,26.07.13,아 진짜 개씨발임
5692070,https://cafe.daum.net/_c21_/bbs_read?grpid=1IHuH&fldid=ReHf&contentval=0Nslazzzzzzzzzzzzzzzzzzzzzzzzz&datanum=5692070&page=1,56920706,Dolby Cinema,26.07.13,이사람도 포토라인 세워 악질이야
5692070,https://cafe.daum.net/_c21_/bbs_read?grpid=1IHuH&fldid=ReHf&contentval=0Nslazzzzzzzzzzzzzzzzzzzzzzzzz&datanum=5692070&page=1,56920707,아니아니야아니야,26.07.13,존나싫다진짜
5692070,https://cafe.daum.net/_c21_/bbs_read?grpid=1IHuH&fldid=ReHf&contentval=0Nslazzzzzzzzzzzzzzzzzzzzzzzzz&datanum=5692070&page=1,56920708,원서를 읽자,26.07.13,애비도 깜빵보내야지
5692070,https://cafe.daum.net/_c21_/bbs_read?grpid=1IHuH&fldid=ReHf&contentval=0Nslazzzzzzzzzzzzzzzzzzzzzzzzz&datanum=5692070&page=1,56920709,뤂히덕후뤂뤂릎,26.07.13,진짜 제정신인가 볼때마다 화나
5692070,https://cafe.daum.net/_c21_/bbs_read?grpid=1IHuH&fldid=ReHf&contentval=0Nslazzzzzzzzzzzzzzzzzzzzzzzzz&datanum=5692070&page=1,569207010,블랙 달리아,26.07.13,꼴에 자식이라고 ㅈㄴ감쌌나보네 직권남용으로 벌을 더 받아도 모자람
5692070,https://cafe.daum.net/_c21_/bbs_read?grpid=1IHuH&fldid=ReHf&contentval=0Nslazzzzzzzzzzzzzzzzzzzzzzzzz&datanum=5692070&page=1,569207011,뽀로뽀로미,26.07.13,"ㅁㅊ 병가????? 개에바야 존나
무슨 서류 내고 병가한거???
개열받네"
5692070,https://cafe.daum.net/_c21_/bbs_read?grpid=1IHuH&fldid=ReHf&contentval=0Nslazzzzzzzzzzzzzzzzzzzzzzzzz&datanum=5692070&page=1,569207019,뽀로뽀로미,26.07.13,"이정도면 다른죄명 안되나
공무집행방해 업무방해이런거ㅠ
직무유기죄.
어차피 본인은 처벌대상도 아니라며?? 어떻게든 처벌되었음좋겠다"
5692070,https://cafe.daum.net/_c21_/bbs_read?grpid=1IHuH&fldid=ReHf&contentval=0Nslazzzzzzzzzzzzzzzzzzzzzzzzz&datanum=5692070&page=1,569207012,ariana tall,26.07.13,미쳤구나
5692070,https://cafe.daum.net/_c21_/bbs_read?grpid=1IHuH&fldid=ReHf&contentval=0Nslazzzzzzzzzzzzzzzzzzzzzzzzz&datanum=5692070&page=1,569207013,오늘은토요일,26.07.13,아오 시발새끼
5692070,https://cafe.daum.net/_c21_/bbs_read?grpid=1IHuH&fldid=ReHf&contentval=0Nslazzzzzzzzzzzzzzzzzzzzzzzzz&datanum=5692070&page=1,569207015,찌킨바나나,26.07.13,진짜 개빡쳐…
5692070,https://cafe.daum.net/_c21_/bbs_read?grpid=1IHuH&fldid=ReHf&contentval=0Nslazzzzzzzzzzzzzzzzzzzzzzzzz&datanum=5692070&page=1,569207016,한자리하나,26.07.13,이 사건은 진짜 레전드네
5692070,https://cafe.daum.net/_c21_/bbs_read?grpid=1IHuH&fldid=ReHf&contentval=0Nslazzzzzzzzzzzzzzzzzzzzzzzzz&datanum=5692070&page=1,569207017,우승원해요,26.07.13,같이 깜빵보내라
5692070,https://cafe.daum.net/_c21_/bbs_read?grpid=1IHuH&fldid=ReHf&contentval=0Nslazzzzzzzzzzzzzzzzzzzzzzzzz&datanum=5692070&page=1,569207018,빡치지마,26.07.13,구속상태맞지? 맞다고 해줘 개빡쳐ㅜ
5692070,https://cafe.daum.net/_c21_/bbs_read?grpid=1IHuH&fldid=ReHf&contentval=0Nslazzzzzzzzzzzzzzzzzzzzzzzzz&datanum=5692070&page=1,569207020,내가선만두,26.07.13,파면시켜야함
5692070,https://cafe.daum.net/_c21_/bbs_read?grpid=1IHuH&fldid=ReHf&contentval=0Nslazzzzzzzzzzzzzzzzzzzzzzzzz&datanum=5692070&page=1,569207021,나무이야기,26.07.13,미쳤네 미친것
5692070,https://cafe.daum.net/_c21_/bbs_read?grpid=1IHuH&fldid=ReHf&contentval=0Nslazzzzzzzzzzzzzzzzzzzzzzzzz&datanum=5692070&page=1,569207022,유재석프사하바바,26.07.13,작정했네 진짜 법 개정 좀 해
5692070,https://cafe.daum.net/_c21_/bbs_read?grpid=1IHuH&fldid=ReHf&contentval=0Nslazzzzzzzzzzzzzzzzzzzzzzzzz&datanum=5692070&page=1,569207023,헬로부기,26.07.13,징계가 아니라 형사처벌하라고 친족상도례 빼고 경찰이 증거인멸 행위를 했다는 것으로 처벌되는 법 없냐구요ㅠ
5692068,https://cafe.daum.net/_c21_/bbs_read?grpid=1IHuH&fldid=ReHf&contentval=0NslYzzzzzzzzzzzzzzzzzzzzzzzzz&datanum=5692068&page=1,56920681,로즈토네르,26.07.13,사람들 관심없어지니까 씁쓸하다..
5692068,https://cafe.daum.net/_c21_/bbs_read?grpid=1IHuH&fldid=ReHf&contentval=0NslYzzzzzzzzzzzzzzzzzzzzzzzzz&datanum=5692068&page=1,56920682,민음사김민경,26.07.13,엥?
5692068,https://cafe.daum.net/_c21_/bbs_read?grpid=1IHuH&fldid=ReHf&contentval=0NslYzzzzzzzzzzzzzzzzzzzzzzzzz&datanum=5692068&page=1,56920683,김수오,26.07.13,이런 글엔 관심 1도 안줌 ㅋㅋㅋ 다음 대선 또 극우당 되겠네
5692068,https://cafe.daum.net/_c21_/bbs_read?grpid=1IHuH&fldid=ReHf&contentval=0NslYzzzzzzzzzzzzzzzzzzzzzzzzz&datanum=5692068&page=1,56920684,공생하자,26.07.13,도대체 김건희가 뭐길래 싹다 무죄나오는거야?
