number,post_id,board,category,title,author,has_image,image_count,comment_count,date,view_count,link,preview,search_keywords,content
180191643,180191643,Lp0T,자유게시판,텀블러 추천함다 택플로우 텀블러,여시,True,0,1,26.07.16,43,https://cafe.daum.net/_c21_/bbs_nsread?grpid=1IHuH&fldid=Lp0T&contentval=CC44pzzzzzzzzzzzzzzzzzzzzzzzzz&datanum=180191643&searchlist_uri=%2F_c21_%2Fcafesearch&search_ctx=mXHEqj36JebiwGreGfTsfveFgDz6pTFmzA9ignoh1M5AkMeEoeYLzYGdNt9uqFaf61DPXAFl2LJLM1O_-vcCbcDl.qFPPmXwg_jpAzwhBJdo7YKErihYBpamtmNeuL5LBiXdLvrlgUV1t.vaQ.EizEwm-AfmeYOMgH4eEovqoeANcvfKMBqyMEBijMJwvlvVQg3QHIPKq-TB9VDc5FJkC5Pu6ycntzRBQdEho1DilHhmIaS4cgRowj61ukpyr98fbi9aPndXkZCKA7xmCDsqHj9Zj6S6bGa.pUUEsBBbkSXw2H4ImRQbow00,아침에 커피 내려 가는데 5시쯤에도 얼음 살아있어 나는 올영에서 오특으로 이만구천얼마에 샀는데 저번에 보니까 29cm 에서 3만원 초반대로 파는거 봤음 지금도 할인하는지는 모르겠슈 색깔과 디자인은 이럼,"29CM,29cm",
180191318,180191318,Lp0T,자유게시판,이거 살말 ? 무난하지? 29cm 리뷰 ㄱㅊ던데,여시,True,0,5,26.07.16,56,https://cafe.daum.net/_c21_/bbs_nsread?grpid=1IHuH&fldid=Lp0T&contentval=CC3zazzzzzzzzzzzzzzzzzzzzzzzzz&datanum=180191318&searchlist_uri=%2F_c21_%2Fcafesearch&search_ctx=mXHEqj36JebiwGreGfTsfveFgDz6pTFmzA9ignoh1M5AkMeEoeYLzYGdNt9uqFaf61DPXAFl2LJLM1O_-vcCbcDl.qFPPmXwg_jpAzwhBJdo7YKErihYBpamtmNeuL5LBiXdLvrlgUV1t.vaQ.EizEwm-AfmeYOMgH4eEovqoeANcvfKMBqyMEBijMJwvlvVQg3QHIPKq-TB9VDc5FJkC5Pu6ycntzRBQdEho1DilHhmIaS4cgRowj61ukpyr98fbi9aPndXkZCKA7xmCDsqHj9Zj6S6bGa.pUUEsBBbkSXw2H4ImRQbow00,5만원대야 외피가 소가죽 섞엿대,"29CM,29cm",
180191091,180191091,Lp0T,자유게시판,삼십중반 여시들 요새 옷 어디서사....,여시,False,0,19,26.07.16,176,https://cafe.daum.net/_c21_/bbs_nsread?grpid=1IHuH&fldid=Lp0T&contentval=CC3vvzzzzzzzzzzzzzzzzzzzzzzzzz&datanum=180191091&searchlist_uri=%2F_c21_%2Fcafesearch&search_ctx=mXHEqj36JebiwGreGfTsfveFgDz6pTFmzA9ignoh1M5AkMeEoeYLzYGdNt9uqFaf61DPXAFl2LJLM1O_-vcCbcDl.qFPPmXwg_jpAzwhBJdo7YKErihYBpamtmNeuL5LBiXdLvrlgUV1t.vaQ.EizEwm-AfmeYOMgH4eEovqoeANcvfKMBqyMDcKxc5H9oEBwpH5l8dRQpQPumOS68dYVgJgbmQDW9Lcf8TuBWO3TcMb3.3GsNn8rlsp5imrZr1NKVS2Ci6ViZT7KTCViRj2KYUX22TmI5zM9noSwIJkJhFnqfs8w6G6Uv9EiMbTQd1TjZty5UzVFsD2Orgzj9Wvadi2CP1uLGoD,그냥 거지꼴롳다니고있어 막 오년전 육걸 그대로 입는중..... 지그재그 ? 에이블리? 요새 유행하는 옷 사고싶음... 스탠다드한건 꽤 있어 혹시 어디서사는지 알려주라ㅜ,"에이블리,지그재그",
180190894,180190894,Lp0T,자유게시판,여름뮤트 립 추천 박아요,여시,True,0,2,26.07.16,64,https://cafe.daum.net/_c21_/bbs_nsread?grpid=1IHuH&fldid=Lp0T&contentval=CC3skzzzzzzzzzzzzzzzzzzzzzzzzz&datanum=180190894&searchlist_uri=%2F_c21_%2Fcafesearch&search_ctx=mXHEqj36JebiwGreGfTsfveFgDz6pTFmzA9ignoh1M5AkMeEoeYLzYGdNt9uqFaf61DPXAFl2LJLM1O_-vcCbcDl.qFPPmXwg_jpAzwhBJdo7YKErihYBpamtmNeuL5LBiXdLvrlgUV1t.vaQ.EizEwm-AfmeYOMgH4eEovqoeANcvfKMBqyMDcKxc5H9oEBeLPesq6oHG3Hy4OR6qhzfxZ_KLyaNBYTCdvdmjv.2ImNoOsibEh9zyz9Gm9XGvjef1QCYEkX.piHW.fk4mARnyTFY3a8iDIPBF.wxAPpkeVyM6DJYA2-QgEOwwmv9QOZ,홀리카는 올영가면 테스트 가능함 얘는 멀멀템이라 은은 발색 광 죽임 무지개멘션 디바인은 요새 빠져서 직잭 으로 삼 나는 ㅠㅠ 단독으로 발라도 예쁘고 홀리카 바르고 중심만 슬쩍 발라주면 ㅈㄴ 광택감 죽여요...,"직잭,직잭일",
180190828,180190828,Lp0T,자유게시판,무신사 이씨발거 내가 다음주 월요일되면 신고함 돌았나,여시,False,0,0,26.07.16,67,https://cafe.daum.net/_c21_/bbs_nsread?grpid=1IHuH&fldid=Lp0T&contentval=CC3rgzzzzzzzzzzzzzzzzzzzzzzzzz&datanum=180190828&searchlist_uri=%2F_c21_%2Fcafesearch&search_ctx=mXHEqj36JebiwGreGfTsfveFgDz6pTFmzA9ignoh1M5AkMeEoeYLzYGdNt9uqFaf61DPXAFl2LJLM1O_-vcCbcDl.qFPPmXwg_jpAzwhBJdo7YKErihYBpamtmNeuL5LBiXdLvrlgUV1t.vaQ.EizEwm-AfmeYOMgH4eEovqoeANcvfKMBqyMN3tb.XbvyfHxvkziWpKuDX-nxAKllWaHZoyfw3aPTVFjqxiheaBNsTRbBBHz79WceLO6S_N1__3BHZd_nqeeblowsZ6TLuFRtZ1GKONBgeda75-JcxOu1Z5.uxv6HSMIbw34p6Fy49blvCfpKRQZu50,유즈드백 옷 보냈고 검수 통과못했다고 4천원을 쳐내래 택배비 ㅇㅇㅇ 근데 신용카드 결제 안됨 무신사 머니로 결제해야됨 머니 충전하려면 최소 충전금액 2만원 이지랄 현금 결제만 받는거 신고사유 아님? 존나...,무신사,
180190209,180190209,Lp0T,자유게시판,지그재그 옷 반품 해본 여시??,여시,True,0,2,26.07.16,44,https://cafe.daum.net/_c21_/bbs_nsread?grpid=1IHuH&fldid=Lp0T&contentval=CC3hhzzzzzzzzzzzzzzzzzzzzzzzzz&datanum=180190209&searchlist_uri=%2F_c21_%2Fcafesearch&search_ctx=mXHEqj36JebiwGreGfTsfveFgDz6pTFmzA9ignoh1M5AkMeEoeYLzYGdNt9uqFaf61DPXAFl2LJLM1O_-vcCbcDl.qFPPmXwg_jpAzwhBJdo7YKErihYBpamtmNeuL5LBiXdLvrlgUV1t.vaQ.EizEwm-AfmeYOMgH4eEovqoeANcvfKMBqyMDcKxc5H9oEBwpH5l8dRQpQPumOS68dYVgJgbmQDW9Lcf8TuBWO3TcMb3.3GsNn8rlsp5imrZr1NKVS2Ci6ViZT7KTCViRj2KYUX22TmI5zM9noSwIJkJhFnqfs8w6G6Uv9EiMbTQd1TjZty5UzVFsD2Orgzj9Wvadi2CP1uLGoD,이 카톡 오면 기사님이 오늘 온다는거야?,지그재그,
180183319,180183319,Lp0T,자유게시판,부디무드라 무신사 스탠다드 회사네...?,여시,False,0,5,26.07.16,77,https://cafe.daum.net/_c21_/bbs_nsread?grpid=1IHuH&fldid=Lp0T&contentval=CC1uZzzzzzzzzzzzzzzzzzzzzzzzzz&datanum=180183319&searchlist_uri=%2F_c21_%2Fcafesearch&search_ctx=mXHEqj36JebiwGreGfTsfveFgDz6pTFmzA9ignoh1M5AkMeEoeYLzYGdNt9uqFaf61DPXAFl2LJLM1O_-vcCbcDl.qFPPmXwg_jpAzwhBJdo7YKErihYBpamtmNeuL5LBiXdLvrlgUV1t.vaQ.EizEwm-AfmeYOMgH4eEovqoeANcvfKMBqyMN3tb.XbvyfHxvkziWpKuDX-nxAKllWaHZoyfw3aPTVFjqxiheaBNsTRbBBHz79WceLO6S_N1__3BHZd_nqeeblowsZ6TLuFRtZ1GKONBgeda75-JcxOu1Z5.uxv6HSMIbw34p6Fy49blvCfpKRQZu50,그회사에서 만든 브랜드라네.... 무신사 스포츠?랑 같은 계열사... 쩝,무신사,
180182085,180182085,Lp0T,자유게시판,옷 이나 요즘 트렌드보려면 필수어플뭘까?,여시,False,0,8,26.07.16,47,https://cafe.daum.net/_c21_/bbs_nsread?grpid=1IHuH&fldid=Lp0T&contentval=CC1afzzzzzzzzzzzzzzzzzzzzzzzzz&datanum=180182085&searchlist_uri=%2F_c21_%2Fcafesearch&search_ctx=mXHEqj36JebiwGreGfTsfveFgDz6pTFmzA9ignoh1M5AkMeEoeYLzYGdNt9uqFaf61DPXAFl2LJLM1O_-vcCbcDl.qFPPmXwg_jpAzwhBJdo7YKErihYBpamtmNeuL5LBiXdLvrlgUV1t.vaQ.EizEwm-AfmeYOMgH4eEovqoeANcvfKMBqyMN3tb.XbvyfHxvkziWpKuDX-nxAKllWaHZoyfw3aPTVFjqxiheaBNsTRbBBHz79WceLO6S_N1__3BHZd_nqeeblowsZ6TLuFRtZ1GKONBgeda75-JcxOu1Z5.uxv6HSMIbw34p6Fy49blvCfpKRQZu50,옷은 29cm 무신사 ? 또?있으면알려줘 나 늙크크야,"29CM,29cm,무신사",
180181475,180181475,Lp0T,자유게시판,무신사 상세페이지랑 아예 다른 색감 옷이 왔는데,여시,False,0,0,26.07.16,4,https://cafe.daum.net/_c21_/bbs_nsread?grpid=1IHuH&fldid=Lp0T&contentval=CC1Qpzzzzzzzzzzzzzzzzzzzzzzzzz&datanum=180181475&searchlist_uri=%2F_c21_%2Fcafesearch&search_ctx=mXHEqj36JebiwGreGfTsfveFgDz6pTFmzA9ignoh1M5AkMeEoeYLzYGdNt9uqFaf61DPXAFl2LJLM1O_-vcCbcDl.qFPPmXwg_jpAzwhBJdo7YKErihYBpamtmNeuL5LBiXdLvrlgUV1t.vaQ.EizEwm-AfmeYOMgH4eEovqoeANcvfKMBqyMN3tb.XbvyfHxvkziWpKuDX-nxAKllWaHZoyfw3aPTVFjqxiheaBNsTRbBBHz79WceLO6S_N1__3BHZd_nqeeblowsZ6TLuFRtZ1GKONBgeda75-JcxOu1Z5.uxv6HSMIbw34p6Fy49blvCfpKRQZu50,반품비 내가 내야함? 상세페이지는 파스텔톤인데 내가 받은건 채도 지리는 형광민트.. 렫같아서 바로 반품 신청했는데 배송비내래.. 근데 이거 신상이라 후기도 없었고 모델컷도 ai인데 사기 아니야 사실상?ㅠ 개...,무신사,
180179921,180179921,Lp0T,자유게시판,예전엔 그래도 통통한사람도 지그재그 에서 사면 어느정도 맞게 입었는데 이젠 걍 존나 개쳐작아서 그냥 풍자되기 선택함,여시,False,0,0,26.07.16,24,https://cafe.daum.net/_c21_/bbs_nsread?grpid=1IHuH&fldid=Lp0T&contentval=CC11lzzzzzzzzzzzzzzzzzzzzzzzzz&datanum=180179921&searchlist_uri=%2F_c21_%2Fcafesearch&search_ctx=mXHEqj36JebiwGreGfTsfveFgDz6pTFmzA9ignoh1M5AkMeEoeYLzYGdNt9uqFaf61DPXAFl2LJLM1O_-vcCbcDl.qFPPmXwg_jpAzwhBJdo7YKErihYBpamtmNeuL5LBiXdLvrlgUV1t.vaQ.EizEwm-AfmeYOMgH4eEovqoeANcvfKMBqyMDcKxc5H9oEBwpH5l8dRQpQPumOS68dYVgJgbmQDW9Lcf8TuBWO3TcMb3.3GsNn8rlsp5imrZr1NKVS2Ci6ViZT7KTCViRj2KYUX22TmI5zM9noSwIJkJhFnqfs8w6G6Uv9EiMbTQd1TjZty5UzVFsD2Orgzj9Wvadi2CP1uLGoD,그냥 전나 작고 가슴땜에 붕떠서 그런지 뱃살 ㅎㅇ 됨 어깨도 졸라 안맞음 나 키 작아서 통통하긴해도 지그재그 에서 모델샷에서 걍 적당히 하늘하늘한것들 사면 나한테도 맞았는데 이제 걍 안맞아서 포기하고 걍...,지그재그,
180177298,180177298,Lp0T,자유게시판,무신사 에서 교환했다가 너무 느려서 반품으로 바꿨는데 환불도 받았거든? 근데 배송옴,여시,False,0,1,26.07.16,40,https://cafe.daum.net/_c21_/bbs_nsread?grpid=1IHuH&fldid=Lp0T&contentval=CC0LSzzzzzzzzzzzzzzzzzzzzzzzzz&datanum=180177298&searchlist_uri=%2F_c21_%2Fcafesearch&search_ctx=mXHEqj36JebiwGreGfTsfveFgDz6pTFmzA9ignoh1M5AkMeEoeYLzYGdNt9uqFaf61DPXAFl2LJLM1O_-vcCbcDl.qFPPmXwg_jpAzwhBJdo7YKErihYBpamtmNeuL5LBiXdLvrlgUV1t.vaQ.EizEwm-AfmeYOMgH4eEovqoeANcvfKMBqyMN3tb.XbvyfHxvkziWpKuDX-nxAKllWaHZoyfw3aPTVFjqxiheaBNsTRbBBHz79WceLO6S_N1__3BHZd_nqeeblowsZ6TLuFRtZ1GKONBgeda75-JcxOu1Z5.uxv6HSMIbw34p6Fy49blvCfpKRQZu50,어케함....? 고객센터 전화 ㅈㄴ 안받던데 내가 연락해야 돼?,무신사,
180176686,180176686,Lp0T,자유게시판,하 수모 개귀엽다,여시,True,0,1,26.07.16,74,https://cafe.daum.net/_c21_/bbs_nsread?grpid=1IHuH&fldid=Lp0T&contentval=CC0Bazzzzzzzzzzzzzzzzzzzzzzzzz&datanum=180176686&searchlist_uri=%2F_c21_%2Fcafesearch&search_ctx=mXHEqj36JebiwGreGfTsfveFgDz6pTFmzA9ignoh1M5AkMeEoeYLzYGdNt9uqFaf61DPXAFl2LJLM1O_-vcCbcDl.qFPPmXwg_jpAzwhBJdo7YKErihYBpamtmNeuL5LBiXdLvrlgUV1t.vaQ.EizEwm-AfmeYOMgH4eEovqoeANcvfKMBqyMN3tb.XbvyfHxvkziWpKuDX-nxAKllWaHZoyfw3aPTVFjqxiheaBNsTRbBBHz79WceLO6S_N1__3BHZd_nqeeblowsZ6TLuFRtZ1GKONBgeda75-JcxOu1Z5.uxv6HSMIbw34p6Fy49blvCfpKRQZu50,https://www.musinsa.com/products/6753512 아레나랑 산리오 콜라보 햇는데 무신사 선판매래 수영복이랑 수모등등 잇어 시나모롤 하늘색 존귀임 다른것도 많아,무신사,
180174789,180174789,Lp0T,자유게시판,무신사 잡화 할인은 또 언제할까???,여시,False,0,0,26.07.16,13,https://cafe.daum.net/_c21_/bbs_nsread?grpid=1IHuH&fldid=Lp0T&contentval=CBzgzzzzzzzzzzzzzzzzzzzzzzzzzz&datanum=180174789&searchlist_uri=%2F_c21_%2Fcafesearch&search_ctx=mXHEqj36JebiwGreGfTsfveFgDz6pTFmzA9ignoh1M5AkMeEoeYLzYGdNt9uqFaf61DPXAFl2LJLM1O_-vcCbcDl.qFPPmXwg_jpAzwhBJdo7YKErihYBpamtmNeuL5LBiXdLvrlgUV1t.vaQ.EizEwm-AfmeYOMgH4eEovqoeANcvfKMBqyMN3tb.XbvyfHxvkziWpKuDX-nxAKllWaHZoyfw3aPTVFjqxiheaBNsTRbBBHz79WceLO6S_N1__3BHZd_nqeeblowsZ6TLuFRtZ1GKONBgeda75-JcxOu1Z5.uxv6HSMIbw34p6Fy49blvCfpKRQZu50,나 무탠다드 가방 사고싶은데...,무신사,
180173100,180173100,Lp0T,자유게시판,옷 사는게 너무 너무 귀찮아...,여시,False,0,0,26.07.16,61,https://cafe.daum.net/_c21_/bbs_nsread?grpid=1IHuH&fldid=Lp0T&contentval=CBzFkzzzzzzzzzzzzzzzzzzzzzzzzz&datanum=180173100&searchlist_uri=%2F_c21_%2Fcafesearch&search_ctx=mXHEqj36JebiwGreGfTsfveFgDz6pTFmzA9ignoh1M5AkMeEoeYLzYGdNt9uqFaf61DPXAFl2LJLM1O_-vcCbcDl.qFPPmXwg_jpAzwhBJdo7YKErihYBpamtmNeuL5LBiXdLvrlgUV1t.vaQ.EizEwm-AfmeYOMgH4eEovqoeANcvfKMBqyMJgOt5p.Nf5tSVYYywj7EziefrQtdgrDW5t2pM4V-8-..WEn544cOOO361JSq-fmDaumrGTMkQAIkO-SRjDkIhmc3OLV9kF5tMLJQfJNpeCSykaj5lH7SwFS_UKaWxwDbhgbIe1yVXbG3mNAPhCb6NLKAs5ih3ZZujOrWCBMg3_9,옷에 관심 많이 없기도 한데 키 작아서 옷 사는거 더 피곤해 156이거든 4센치가 뭐라고 차이 많이 남... 그리고 스포티하고 편한거 좋아하는데 내 키에 내 체형인 사람들 참고하려고 보면 거의 다 에이블리 룩이야ㅠ,에이블리,
180171210,180171210,Lp0T,자유게시판,에이블리 잘 아는 여시,여시,True,0,0,26.07.16,31,https://cafe.daum.net/_c21_/bbs_nsread?grpid=1IHuH&fldid=Lp0T&contentval=CBylGzzzzzzzzzzzzzzzzzzzzzzzzz&datanum=180171210&searchlist_uri=%2F_c21_%2Fcafesearch&search_ctx=mXHEqj36JebiwGreGfTsfveFgDz6pTFmzA9ignoh1M5AkMeEoeYLzYGdNt9uqFaf61DPXAFl2LJLM1O_-vcCbcDl.qFPPmXwg_jpAzwhBJdo7YKErihYBpamtmNeuL5LBiXdLvrlgUV1t.vaQ.EizEwm-AfmeYOMgH4eEovqoeANcvfKMBqyMJgOt5p.Nf5tSVYYywj7EziefrQtdgrDW5t2pM4V-8-..WEn544cOOO361JSq-fmDaumrGTMkQAIkO-SRjDkIhmc3OLV9kF5tMLJQfJNpeCSykaj5lH7SwFS_UKaWxwDbhgbIe1yVXbG3mNAPhCb6NLKAs5ih3ZZujOrWCBMg3_9,나 첨 시켜보는데 이거 오늘 출발하겠지..?,에이블리,
180170205,180170205,Lp0T,자유게시판,무신사 브랜드 중에 이런 별 모양 로고 가진 브랜드 있지 않아?,여시,True,0,2,26.07.15,102,https://cafe.daum.net/_c21_/bbs_nsread?grpid=1IHuH&fldid=Lp0T&contentval=CByV3zzzzzzzzzzzzzzzzzzzzzzzzz&datanum=180170205&searchlist_uri=%2F_c21_%2Fcafesearch&search_ctx=mXHEqj36JebiwGreGfTsfveFgDz6pTFmzA9ignoh1M5AkMeEoeYLzYGdNt9uqFaf61DPXAFl2LJLM1O_-vcCbcDl.qFPPmXwg_jpAzwhBJdo7YKErihYBpamtmNeuL5LBiXdLvrlgUV1t.vaQ.EizEwm-AfmeYOMgH4eEovqoeANcvfKMBqyMN3tb.XbvyfHxvkziWpKuDX-nxAKllWaHZoyfw3aPTVFjqxiheaBNsTRbBBHz79WceLO6S_N1__3BHZd_nqeeblowsZ6TLuFRtZ1GKONBgeda75-JcxOu1Z5.uxv6HSMIbw34p6Fy49blvCfpKRQZu50,어떤 옷 봤는데 너무 예뻐보여서 궁금해 무신사 에서 봤던 브랜드 같은데 어디 브랜드였는지 가물가물해,무신사,
180169839,180169839,Lp0T,자유게시판,에이블리 지그재그 오늘출발중에 뭐가 더 빠르지,여시,False,0,0,26.07.15,11,https://cafe.daum.net/_c21_/bbs_nsread?grpid=1IHuH&fldid=Lp0T&contentval=CByP9zzzzzzzzzzzzzzzzzzzzzzzzz&datanum=180169839&searchlist_uri=%2F_c21_%2Fcafesearch&search_ctx=mXHEqj36JebiwGreGfTsfveFgDz6pTFmzA9ignoh1M5AkMeEoeYLzYGdNt9uqFaf61DPXAFl2LJLM1O_-vcCbcDl.qFPPmXwg_jpAzwhBJdo7YKErihYBpamtmNeuL5LBiXdLvrlgUV1t.vaQ.EizEwm-AfmeYOMgH4eEovqoeANcvfKMBqyMDcKxc5H9oEBwpH5l8dRQpQPumOS68dYVgJgbmQDW9Lcf8TuBWO3TcMb3.3GsNn8rlsp5imrZr1NKVS2Ci6ViZT7KTCViRj2KYUX22TmI5zM9noSwIJkJhFnqfs8w6G6Uv9EiMbTQd1TjZty5UzVFsD2Orgzj9Wvadi2CP1uLGoD,둘다 빠른가?ㅜ 체감상,"에이블리,지그재그",
180169480,180169480,Lp0T,자유게시판,무신사 스탠다드 반품 1주일 이내야 2주일 이내야?,여시,False,0,2,26.07.15,9,https://cafe.daum.net/_c21_/bbs_nsread?grpid=1IHuH&fldid=Lp0T&contentval=CByJMzzzzzzzzzzzzzzzzzzzzzzzzz&datanum=180169480&searchlist_uri=%2F_c21_%2Fcafesearch&search_ctx=mXHEqj36JebiwGreGfTsfveFgDz6pTFmzA9ignoh1M5AkMeEoeYLzYGdNt9uqFaf61DPXAFl2LJLM1O_-vcCbcDl.qFPPmXwg_jpAzwhBJdo7YKErihYBpamtmNeuL5LBiXdLvrlgUV1t.vaQ.EizEwm-AfmeYOMgH4eEovqoeANcvfKMBqyMN3tb.XbvyfHxvkziWpKuDX-nxAKllWaHZoyfw3aPTVFjqxiheaBNsTRbBBHz79WceLO6S_N1__3BHZd_nqeeblowsZ6TLuFRtZ1GKONBgeda75-JcxOu1Z5.uxv6HSMIbw34p6Fy49blvCfpKRQZu50,영수증은 2주일인데 직원이 분명 1주일이내라거 했었음..,무신사,
180169433,180169433,Lp0T,자유게시판,오늘 용산아이파크몰 무신사 갔는데 너무 너무 불친절했음ㅜㅜ,여시,False,0,0,26.07.15,59,https://cafe.daum.net/_c21_/bbs_nsread?grpid=1IHuH&fldid=Lp0T&contentval=CByIbzzzzzzzzzzzzzzzzzzzzzzzzz&datanum=180169433&searchlist_uri=%2F_c21_%2Fcafesearch&search_ctx=mXHEqj36JebiwGreGfTsfveFgDz6pTFmzA9ignoh1M5AkMeEoeYLzYGdNt9uqFaf61DPXAFl2LJLM1O_-vcCbcDl.qFPPmXwg_jpAzwhBJdo7YKErihYBpamtmNeuL5LBiXdLvrlgUV1t.vaQ.EizEwm-AfmeYOMgH4eEovqoeANcvfKMBqyMN3tb.XbvyfHxvkziWpKuDX-nxAKllWaHZoyfw3aPTVFjqxiheaBNsTRbBBHz79WceLO6S_N1__3BHZd_nqeeblowsZ6TLuFRtZ1GKONBgeda75-JcxOu1Z5.uxv6HSMIbw34p6Fy49blvCfpKRQZu50,직원분이랑 계산대에 계신 분들 너무 너무 불친절하고 자기들끼리 얘기하다가 내가 계산하러 가니 내가 불청객된 것 마냥..; 다른 무신사 매장들은 다 친절했는디ㅠ 암튼 컴플 넣을 용기는 없고 걍 자게에 털어둠...,무신사,
180168985,180168985,Lp0T,자유게시판,갠적으로 무신사덥컨셉이십구센치 옷 살바에야 지그재그 삼,여시,False,0,0,26.07.15,25,https://cafe.daum.net/_c21_/bbs_nsread?grpid=1IHuH&fldid=Lp0T&contentval=CByBNzzzzzzzzzzzzzzzzzzzzzzzzz&datanum=180168985&searchlist_uri=%2F_c21_%2Fcafesearch&search_ctx=mXHEqj36JebiwGreGfTsfveFgDz6pTFmzA9ignoh1M5AkMeEoeYLzYGdNt9uqFaf61DPXAFl2LJLM1O_-vcCbcDl.qFPPmXwg_jpAzwhBJdo7YKErihYBpamtmNeuL5LBiXdLvrlgUV1t.vaQ.EizEwm-AfmeYOMgH4eEovqoeANcvfKMBqyMDcKxc5H9oEBwpH5l8dRQpQPumOS68dYVgJgbmQDW9Lcf8TuBWO3TcMb3.3GsNn8rlsp5imrZr1NKVS2Ci6ViZT7KTCViRj2KYUX22TmI5zM9noSwIJkJhFnqfs8w6G6Uv9EiMbTQd1TjZty5UzVFsD2Orgzj9Wvadi2CP1uLGoD,옷 질이 좀 차이나겟지만 가격이 너무 사악해 그리고 직재그가 무난?하긴 엄청 무난한편인긋,지그재그,
180167656,180167656,Lp0T,자유게시판,ㄹㅈ예술충인 여시들 원래 사람볼 때 외모보다 스타일 봐?,여시,False,0,13,26.07.15,281,https://cafe.daum.net/_c21_/bbs_nsread?grpid=1IHuH&fldid=Lp0T&contentval=CBxpwzzzzzzzzzzzzzzzzzzzzzzzzz&datanum=180167656&searchlist_uri=%2F_c21_%2Fcafesearch&search_ctx=mXHEqj36JebiwGreGfTsfveFgDz6pTFmzA9ignoh1M5AkMeEoeYLzYGdNt9uqFaf61DPXAFl2LJLM1O_-vcCbcDl.qFPPmXwg_jpAzwhBJdo7YKErihYBpamtmNeuL5LBiXdLvrlgUV1t.vaQ.EizEwm-AfmeYOMgH4eEovqoeANcvfKMBqyMJgOt5p.Nf5tSVYYywj7EziefrQtdgrDW5t2pM4V-8-..WEn544cOOO361JSq-fmDaumrGTMkQAIkO-SRjDkIhmc3OLV9kF5tMLJQfJNpeCSykaj5lH7SwFS_UKaWxwDbhgbIe1yVXbG3mNAPhCb6NLKAs5ih3ZZujOrWCBMg3_9,에이블리 여리쫀쫀룩입은 존예 여성성숙단아김비서룩입은 존예보다 취향 맞는 스타일하고 다니는 평범한 사람이 더 끌려?,에이블리,
180164635,180164635,Lp0T,자유게시판,29cm 는 다 정품이지....???,여시,False,0,0,26.07.15,23,https://cafe.daum.net/_c21_/bbs_nsread?grpid=1IHuH&fldid=Lp0T&contentval=CBx3Dzzzzzzzzzzzzzzzzzzzzzzzzz&datanum=180164635&searchlist_uri=%2F_c21_%2Fcafesearch&search_ctx=mXHEqj36JebiwGreGfTsfveFgDz6pTFmzA9ignoh1M5AkMeEoeYLzYGdNt9uqFaf61DPXAFl2LJLM1O_-vcCbcDl.qFPPmXwg_jpAzwhBJdo7YKErihYBpamtmNeuL5LBiXdLvrlgUV1t.vaQ.EizEwm-AfmeYOMgH4eEovqoeANcvfKMBqyMEBijMJwvlvVQg3QHIPKq-TB9VDc5FJkC5Pu6ycntzRBQdEho1DilHhmIaS4cgRowj61ukpyr98fbi9aPndXkZCKA7xmCDsqHj9Zj6S6bGa.pUUEsBBbkSXw2H4ImRQbow00,가방사려는데 후기가 좀 구려서..,"29CM,29cm",
180160770,180160770,Lp0T,자유게시판,26살인데 에이블리 에서 옷사,여시,False,0,14,26.07.15,173,https://cafe.daum.net/_c21_/bbs_nsread?grpid=1IHuH&fldid=Lp0T&contentval=CBw2szzzzzzzzzzzzzzzzzzzzzzzzz&datanum=180160770&searchlist_uri=%2F_c21_%2Fcafesearch&search_ctx=mXHEqj36JebiwGreGfTsfveFgDz6pTFmzA9ignoh1M5AkMeEoeYLzYGdNt9uqFaf61DPXAFl2LJLM1O_-vcCbcDl.qFPPmXwg_jpAzwhBJdo7YKErihYBpamtmNeuL5LBiXdLvrlgUV1t.vaQ.EizEwm-AfmeYOMgH4eEovqoeANcvfKMBqyMJgOt5p.Nf5tSVYYywj7EziefrQtdgrDW5t2pM4V-8-..WEn544cOOO361JSq-fmDaumrGTMkQAIkO-SRjDkIhmc3OLV9kF5tMLJQfJNpeCSykaj5lH7SwFS_UKaWxwDbhgbIe1yVXbG3mNAPhCb6NLKAs5ih3ZZujOrWCBMg3_9,,에이블리,
180160684,180160684,Lp0T,자유게시판,지그재그 애서 카카오페이머니로 결제하면 현금영수증 어케해??,여시,False,0,1,26.07.15,15,https://cafe.daum.net/_c21_/bbs_nsread?grpid=1IHuH&fldid=Lp0T&contentval=CBw1Uzzzzzzzzzzzzzzzzzzzzzzzzz&datanum=180160684&searchlist_uri=%2F_c21_%2Fcafesearch&search_ctx=mXHEqj36JebiwGreGfTsfveFgDz6pTFmzA9ignoh1M5AkMeEoeYLzYGdNt9uqFaf61DPXAFl2LJLM1O_-vcCbcDl.qFPPmXwg_jpAzwhBJdo7YKErihYBpamtmNeuL5LBiXdLvrlgUV1t.vaQ.EizEwm-AfmeYOMgH4eEovqoeANcvfKMBqyMDcKxc5H9oEBwpH5l8dRQpQPumOS68dYVgJgbmQDW9Lcf8TuBWO3TcMb3.3GsNn8rlsp5imrZr1NKVS2Ci6ViZT7KTCViRj2KYUX22TmI5zM9noSwIJkJhFnqfs8w6G6Uv9EiMbTQd1TjZty5UzVFsD2Orgzj9Wvadi2CP1uLGoD,등록하는게 아무데도없어가지구,지그재그,
180160144,180160144,Lp0T,자유게시판,블라우스 사려고 지그재그 들어갔는데,여시,False,0,1,26.07.15,73,https://cafe.daum.net/_c21_/bbs_nsread?grpid=1IHuH&fldid=Lp0T&contentval=CBvsmzzzzzzzzzzzzzzzzzzzzzzzzz&datanum=180160144&searchlist_uri=%2F_c21_%2Fcafesearch&search_ctx=mXHEqj36JebiwGreGfTsfveFgDz6pTFmzA9ignoh1M5AkMeEoeYLzYGdNt9uqFaf61DPXAFl2LJLM1O_-vcCbcDl.qFPPmXwg_jpAzwhBJdo7YKErihYBpamtmNeuL5LBiXdLvrlgUV1t.vaQ.EizEwm-AfmeYOMgH4eEovqoeANcvfKMBqyMDcKxc5H9oEBwpH5l8dRQpQPumOS68dYVgJgbmQDW9Lcf8TuBWO3TcMb3.3GsNn8rlsp5imrZr1NKVS2Ci6ViZT7KTCViRj2KYUX22TmI5zM9noSwIJkJhFnqfs8w6G6Uv9EiMbTQd1TjZty5UzVFsD2Orgzj9Wvadi2CP1uLGoD,먼 옷이 한벌에 3만원이냐 쉬인에서 기본템으로 구매함...,지그재그,
180159652,180159652,Lp0T,자유게시판,29cm 는 다 정품이지?,여시,False,0,1,26.07.15,60,https://cafe.daum.net/_c21_/bbs_nsread?grpid=1IHuH&fldid=Lp0T&contentval=CBvkqzzzzzzzzzzzzzzzzzzzzzzzzz&datanum=180159652&searchlist_uri=%2F_c21_%2Fcafesearch&search_ctx=mXHEqj36JebiwGreGfTsfveFgDz6pTFmzA9ignoh1M5AkMeEoeYLzYGdNt9uqFaf61DPXAFl2LJLM1O_-vcCbcDl.qFPPmXwg_jpAzwhBJdo7YKErihYBpamtmNeuL5LBiXdLvrlgUV1t.vaQ.EizEwm-AfmeYOMgH4eEovqoeANcvfKMBqyMEBijMJwvlvVQg3QHIPKq-TB9VDc5FJkC5Pu6ycntzRBQdEho1DilHhmIaS4cgRowj61ukpyr98fbi9aPndXkZCKA7xmCDsqHj9Zj6S6bGa.pUUEsBBbkSXw2H4ImRQbow00,나이키 아디다스 이런거,"29CM,29cm",
180159255,180159255,Lp0T,자유게시판,나 수영 안하는데 수영모 너무 깜찍하고 귀엽다,여시,True,0,1,26.07.15,109,https://cafe.daum.net/_c21_/bbs_nsread?grpid=1IHuH&fldid=Lp0T&contentval=CBveRzzzzzzzzzzzzzzzzzzzzzzzzz&datanum=180159255&searchlist_uri=%2F_c21_%2Fcafesearch&search_ctx=mXHEqj36JebiwGreGfTsfveFgDz6pTFmzA9ignoh1M5AkMeEoeYLzYGdNt9uqFaf61DPXAFl2LJLM1O_-vcCbcDl.qFPPmXwg_jpAzwhBJdo7YKErihYBpamtmNeuL5L98XW3zj7ZfMgeHq-n4-5pfWG_LfSaA_3Bv9vZS1fTjzJO1hZtgtDZ4TJHdFvwJpSyyw_w-fWGtKre4_Ov6ZcPlSAmPkXi52WWqYqVxBsMk_ZMPs.WFkOC-MRcHGKaOc1mCxLlZgDSSjFiCehjMZ6XfDjJBWd5IFBbe_EDzLVl8fCcgtqJgKAIwvlcqvFgj3rPzInTPuwSMI0,무신사 에서 봐써,무신사,
180158903,180158903,Lp0T,자유게시판,서울 무신사 스탠다드 (우먼) & 스파오 큰 지점 있는 곳 닥 홍대?????????????????????????,여시,False,0,3,26.07.15,26,https://cafe.daum.net/_c21_/bbs_nsread?grpid=1IHuH&fldid=Lp0T&contentval=CBvYlzzzzzzzzzzzzzzzzzzzzzzzzz&datanum=180158903&searchlist_uri=%2F_c21_%2Fcafesearch&search_ctx=mXHEqj36JebiwGreGfTsfveFgDz6pTFmzA9ignoh1M5AkMeEoeYLzYGdNt9uqFaf61DPXAFl2LJLM1O_-vcCbcDl.qFPPmXwg_jpAzwhBJdo7YKErihYBpamtmNeuL5L98XW3zj7ZfMgeHq-n4-5pfWG_LfSaA_3Bv9vZS1fTjzJO1hZtgtDZ4TJHdFvwJpSyyw_w-fWGtKre4_Ov6ZcPlSAmPkXi52WWqYqVxBsMk_ZMPs.WFkOC-MRcHGKaOc1mCxLlZgDSSjFiCehjMZ6XfDjJBWd5IFBbe_EDzLVl8fCcgtqJgKAIwvlcqvFgj3rPzInTPuwSMI0,홍대겠지?,무신사,
180157091,180157091,Lp0T,자유게시판,어그 울트라미니플랫폼 14만원이면 괜찮나?,여시,False,0,0,26.07.15,8,https://cafe.daum.net/_c21_/bbs_nsread?grpid=1IHuH&fldid=Lp0T&contentval=CBv5Xzzzzzzzzzzzzzzzzzzzzzzzzz&datanum=180157091&searchlist_uri=%2F_c21_%2Fcafesearch&search_ctx=mXHEqj36JebiwGreGfTsfveFgDz6pTFmzA9ignoh1M5AkMeEoeYLzYGdNt9uqFaf61DPXAFl2LJLM1O_-vcCbcDl.qFPPmXwg_jpAzwhBJdo7YKErihYBpamtmNeuL5L98XW3zj7ZfMgeHq-n4-5pfWG_LfSaA_3Bv9vZS1fTjzJO1hZtgtDZ4TJHdFvwJpSyyw_w-fWGtKre4_Ov6ZcPlSAmPkXi52WWqYqVxBsMk_ZMPs.WFkOC-MRcHGKaOc1mCxLlZgDSSjFiCehjMZ6XfDjJBWd5IFBbe_EDzLVl8fCcgtqJgKAIwvlcqvFgj3rPzInTPuwSMI0,어그 한번도 사본적없는데 울트라미니플랫폼 가격 괜찮나? 나중에 겨울에 무신사 나 그런데가 더 싸나해서..,무신사,
180153350,180153350,Lp0T,자유게시판,무신사 환불 복잡하다,여시,False,0,2,26.07.15,50,https://cafe.daum.net/_c21_/bbs_nsread?grpid=1IHuH&fldid=Lp0T&contentval=CBu7Czzzzzzzzzzzzzzzzzzzzzzzzz&datanum=180153350&searchlist_uri=%2F_c21_%2Fcafesearch&search_ctx=mXHEqj36JebiwGreGfTsfveFgDz6pTFmzA9ignoh1M5AkMeEoeYLzYGdNt9uqFaf61DPXAFl2LJLM1O_-vcCbcDl.qFPPmXwg_jpAzwhBJdo7YKErihYBpamtmNeuL5L98XW3zj7ZfMgeHq-n4-5pfWG_LfSaA_3Bv9vZS1fTjzJO1hZtgtDZ4TJHdFvwJpSyyw_w-fWGtKre4_Ov6ZcPlSAmPkXi52WWqYqVxBsMk_ZMPs.WFkOC-MRcHGKaOc1mCxLlZgDSSjFiCehjMZ6XfDjJBWd5IFBbe_EDzLVl8fCcgtqJgKAIwvlcqvFgj3rPzInTPuwSMI0,주문 1건에 어러건으로 배송이 왔는데 2개를 반품하려고 했음 근데 배송사가 다를 경우 원활한 업무처리를 위해 포장지에 업체명 써주면 좋겠다는거 이미 포장했는데 다시 뜯어서 업체명확인하고 기입했는데 내가...,무신사,
180153309,180153309,Lp0T,자유게시판,"에이블리 ) 가평 빠지 무제한+입장권 200,000원-＞9,900원 (~07/19 까지)",여시,True,0,5,26.07.15,129,https://cafe.daum.net/_c21_/bbs_nsread?grpid=1IHuH&fldid=Lp0T&contentval=CBu6Xzzzzzzzzzzzzzzzzzzzzzzzzz&datanum=180153309&searchlist_uri=%2F_c21_%2Fcafesearch&search_ctx=mXHEqj36JebiwGreGfTsfveFgDz6pTFmzA9ignoh1M5AkMeEoeYLzYGdNt9uqFaf61DPXAFl2LJLM1O_-vcCbcDl.qFPPmXwg_jpAzwhBJdo7YKErihYBpamtmNeuL5LBiXdLvrlgUV1t.vaQ.EizEwm-AfmeYOMgH4eEovqoeANcvfKMBqyMJgOt5p.Nf5tSVYYywj7EziefrQtdgrDW5t2pM4V-8-..WEn544cOOO361JSq-fmDaumrGTMkQAIkO-SRjDkIhmc3OLV9kF5tMLJQfJNpeCSykaj5lH7SwFS_UKaWxwDbhgbIe1yVXbG3mNAPhCb6NLKAs5ih3ZZujOrWCBMg3_9,"applink.a-bly.com/ch7vlm [경기/가평] 가평빠지 본질, 가성비 워터랩 수상레저 패키지 특가 패션부터 뷰티까지, 에이블리 한 곳에서 스타일의 모든 것을 쇼핑하세요! applink.a-bly.com * 빠지 원래 평균 가격",에이블리,
180151497,180151497,Lp0T,자유게시판,탑텐은 지그재그 에서 사야하는구먼,여시,False,0,0,26.07.15,58,https://cafe.daum.net/_c21_/bbs_nsread?grpid=1IHuH&fldid=Lp0T&contentval=CBtdJzzzzzzzzzzzzzzzzzzzzzzzzz&datanum=180151497&searchlist_uri=%2F_c21_%2Fcafesearch&search_ctx=mXHEqj36JebiwGreGfTsfveFgDz6pTFmzA9ignoh1M5AkMeEoeYLzYGdNt9uqFaf61DPXAFl2LJLM1O_-vcCbcDl.qFPPmXwg_jpAzwhBJdo7YKErihYBpamtmNeuL5LBiXdLvrlgUV1t.vaQ.EizEwm-AfmeYOMgH4eEovqoeANcvfKMBqyMDcKxc5H9oEBwpH5l8dRQpQPumOS68dYVgJgbmQDW9Lcf8TuBWO3TcMb3.3GsNn8rlsp5imrZr1NKVS2Ci6ViZT7KTCViRj2KYUX22TmI5zM9noSwIJkJhFnqfs8w6G6Uv9EiMbTQd1TjZty5UzVFsD2Orgzj9Wvadi2CP1uLGoD,공홈에서 샀는데 만사천원 손해봄 가슴이 쓰리다,지그재그,
180151259,180151259,Lp0T,자유게시판,휴가때 입을 원피스 어디서 사지,여시,False,0,2,26.07.15,69,https://cafe.daum.net/_c21_/bbs_nsread?grpid=1IHuH&fldid=Lp0T&contentval=CBtZTzzzzzzzzzzzzzzzzzzzzzzzzz&datanum=180151259&searchlist_uri=%2F_c21_%2Fcafesearch&search_ctx=mXHEqj36JebiwGreGfTsfveFgDz6pTFmzA9ignoh1M5AkMeEoeYLzYGdNt9uqFaf61DPXAFl2LJLM1O_-vcCbcDl.qFPPmXwg_jpAzwhBJdo7YKErihYBpamtmNeuL5L98XW3zj7ZfMgeHq-n4-5pfWG_LfSaA_3Bv9vZS1fTjzJO1hZtgtDZ4TJHdFvwJpSyyw_w-fWGtKre4_Ov6ZcPlSAmPkXi52WWqYqVxBsMk_ZMPs.WFkOC-MRcHGKaOc1mCxLlZgDSSjFiCehjMZ6XfDjJBWd5IFBbe_EDzLVl8fCcgtqJgKAIwvlcqvFgj3rPzInTPuwSMI0,쉬인 이런데 말고 가입해야해서 귀찮.. 그냥 무신사 에서 보거나 에잇세컨즈?,무신사,
180150745,180150745,Lp0T,자유게시판,지그재그 각각 다른 스토어꺼 반품 할때,여시,False,0,0,26.07.15,29,https://cafe.daum.net/_c21_/bbs_nsread?grpid=1IHuH&fldid=Lp0T&contentval=CBtRBzzzzzzzzzzzzzzzzzzzzzzzzz&datanum=180150745&searchlist_uri=%2F_c21_%2Fcafesearch&search_ctx=mXHEqj36JebiwGreGfTsfveFgDz6pTFmzA9ignoh1M5AkMeEoeYLzYGdNt9uqFaf61DPXAFl2LJLM1O_-vcCbcDl.qFPPmXwg_jpAzwhBJdo7YKErihYBpamtmNeuL5LBiXdLvrlgUV1t.vaQ.EizEwm-AfmeYOMgH4eEovqoeANcvfKMBqyMDcKxc5H9oEBwpH5l8dRQpQPumOS68dYVgJgbmQDW9Lcf8TuBWO3TcMb3.3GsNn8rlsp5imrZr1NKVS2Ci6ViZT7KTCViRj2KYUX22TmI5zM9noSwIJkJhFnqfs8w6G6Uv9EiMbTQd1TjZty5UzVFsD2Orgzj9Wvadi2CP1uLGoD,따로 담고 스토어 이름이라도 써놔야 하나..?,지그재그,
180147491,180147491,Lp0T,자유게시판,여시들... 이거 구라친 거 어떻게 수습해야할 지 조언 좀ㅠㅠㅠ,여시,False,0,18,26.07.15,349,https://cafe.daum.net/_c21_/bbs_nsread?grpid=1IHuH&fldid=Lp0T&contentval=CBsahzzzzzzzzzzzzzzzzzzzzzzzzz&datanum=180147491&searchlist_uri=%2F_c21_%2Fcafesearch&search_ctx=mXHEqj36JebiwGreGfTsfveFgDz6pTFmzA9ignoh1M5AkMeEoeYLzYGdNt9uqFaf61DPXAFl2LJLM1O_-vcCbcDl.qFPPmXwg_jpAzwhBJdo7YKErihYBpamtmNeuL5LBiXdLvrlgUV1t.vaQ.EizEwm-AfmeYOMgH4eEovqoeANcvfKMBqyMJgOt5p.Nf5tSVYYywj7EziefrQtdgrDW5t2pM4V-8-..WEn544cOOO361JSq-fmDaumrGTMkQAIkO-SRjDkIhmc3OLV9kF5tMLJQfJNpeCSykaj5lH7SwFS_UKaWxwDbhgbIe1yVXbG3mNAPhCb6NLKAs5ih3ZZujOrWCBMg3_9,이번에 또 회사 사람이 티셔츠 너무 귀엽다고 어디꺼냐고 하길래 원랜 핀둬둬(중국쇼핑몰)꺼인데 걍 에이블리 에서 샀다고 구라쳤거든 ㅠ 대충 넘어갈 줄 알고... 근데 자기도 사고싶다고 링크 알려달라길래...,에이블리,
180147268,180147268,Lp0T,자유게시판,비싼 옷 입어도 티 안나나? 싶어서 싼 거 입다가 다시 비싼 거 입어보면,여시,False,0,2,26.07.14,102,https://cafe.daum.net/_c21_/bbs_nsread?grpid=1IHuH&fldid=Lp0T&contentval=CBsX6zzzzzzzzzzzzzzzzzzzzzzzzz&datanum=180147268&searchlist_uri=%2F_c21_%2Fcafesearch&search_ctx=mXHEqj36JebiwGreGfTsfveFgDz6pTFmzA9ignoh1M5AkMeEoeYLzYGdNt9uqFaf61DPXAFl2LJLM1O_-vcCbcDl.qFPPmXwg_jpAzwhBJdo7YKErihYBpamtmNeuL5LBiXdLvrlgUV1t.vaQ.EizEwm-AfmeYOMgH4eEovqoeANcvfKMBqyMDcKxc5H9oEBwpH5l8dRQpQPumOS68dYVgJgbmQDW9Lcf8TuBWO3TcMb3.3GsNn8rlsp5imrZr1NKVS2Ci6ViZT7KTCViRj2KYUX22TmI5zM9noSwIJkJhFnqfs8w6G6Uv9EiMbTQd1TjZty5UzVFsD2Orgzj9Wvadi2CP1uLGoD,완전 차이 나.. 오늘 백화점에서 비비안웨스트우드랑 플리츠 사왔는데 지그재그 에서 산 거 몇 개 다 갖다 버림 비싼 게 좋긴 하구나..,지그재그,
180145807,180145807,Lp0T,자유게시판,30대 여시들 어른여성옷입고다녀..?,여시,True,0,0,26.07.14,468,https://cafe.daum.net/_c21_/bbs_nsread?grpid=1IHuH&fldid=Lp0T&contentval=CBs9Xzzzzzzzzzzzzzzzzzzzzzzzzz&datanum=180145807&searchlist_uri=%2F_c21_%2Fcafesearch&search_ctx=mXHEqj36JebiwGreGfTsfveFgDz6pTFmzA9ignoh1M5AkMeEoeYLzYGdNt9uqFaf61DPXAFl2LJLM1O_-vcCbcDl.qFPPmXwg_jpAzwhBJdo7YKErihYBpamtmNeuL5LBiXdLvrlgUV1t.vaQ.EizEwm-AfmeYOMgH4eEovqoeANcvfKMBqyMDcKxc5H9oEBwpH5l8dRQpQPumOS68dYVgJgbmQDW9Lcf8TuBWO3TcMb3.3GsNn8rlsp5imrZr1NKVS2Ci6ViZT7KTCViRj2KYUX22TmI5zM9noSwIJkJhFnqfs8w6G6Uv9EiMbTQd1TjZty5UzVFsD2Orgzj9Wvadi2CP1uLGoD,"나 32세인데 아직도 진짜 에이블리, 지그재그 패션 너무 사랑하거든.. 사진은 에이블리 좍좍 내리다 ㅈㄴ 내 취향이라 캡쳐한거(신발은 좀 밤티같지만) 근데 내 친구들 다 막 어른여성패션 입고다녀 뭐라고 표현...","에이블리,지그재그",
180145298,180145298,Lp0T,자유게시판,여시들 요즘 운동화 어디서사?..... 무신사 ?,여시,False,0,0,26.07.14,58,https://cafe.daum.net/_c21_/bbs_nsread?grpid=1IHuH&fldid=Lp0T&contentval=CBs1Kzzzzzzzzzzzzzzzzzzzzzzzzz&datanum=180145298&searchlist_uri=%2F_c21_%2Fcafesearch&search_ctx=mXHEqj36JebiwGreGfTsfveFgDz6pTFmzA9ignoh1M5AkMeEoeYLzYGdNt9uqFaf61DPXAFl2LJLM1O_-vcCbcDl.qFPPmXwg_jpAzwhBJdo7YKErihYBpamtmNeuL5L98XW3zj7ZfMgeHq-n4-5pfWG_LfSaA_3Bv9vZS1fTjzJO1hZtgtDZ4TJHdFvwJpSyyw_w-fWGtKre4_Ov6ZcPlSAmPkXi52WWqYqVxBsMk_ZMPs.WFkOC-MRcHGKaOc1mCxLlZgDSSjFiCehjMZ6XfDjJBWd5IFBbe_EDzLVl8fCcgtqJgKAIwvlcqvFgj3rPzInTPuwSMI0,ㅈㄴ오랜만에 삼,무신사,
180144317,180144317,Lp0T,자유게시판,오늘 홍대에서 옷 쇼핑하다가 느낀건데,여시,False,0,0,26.07.14,76,https://cafe.daum.net/_c21_/bbs_nsread?grpid=1IHuH&fldid=Lp0T&contentval=CBrlVzzzzzzzzzzzzzzzzzzzzzzzzz&datanum=180144317&searchlist_uri=%2F_c21_%2Fcafesearch&search_ctx=mXHEqj36JebiwGreGfTsfveFgDz6pTFmzA9ignoh1M5AkMeEoeYLzYGdNt9uqFaf61DPXAFl2LJLM1O_-vcCbcDl.qFPPmXwg_jpAzwhBJdo7YKErihYBpamtmNeuL5LBiXdLvrlgUV1t.vaQ.EizEwm-AfmeYOMgH4eEovqoeANcvfKMBqyMJgOt5p.Nf5tSVYYywj7EziefrQtdgrDW5t2pM4V-8-..WEn544cOOO361JSq-fmDaumrGTMkQAIkO-SRjDkIhmc3OLV9kF5tMLJQfJNpeCSykaj5lH7SwFS_UKaWxwDbhgbIe1yVXbG3mNAPhCb6NLKAs5ih3ZZujOrWCBMg3_9,나 이제... 옷에 돈을 좀 써야할 때가 됐나봐... 홍대에서 파는 가성비 에이블리 st 옷들이 안어울려 얼굴이 다 뱉어냄,에이블리,
180141376,180141376,Lp0T,자유게시판,에이블리 물건 가져가놓고 환불 왜 안해주는거야,여시,False,0,0,26.07.14,9,https://cafe.daum.net/_c21_/bbs_nsread?grpid=1IHuH&fldid=Lp0T&contentval=CBr04zzzzzzzzzzzzzzzzzzzzzzzzz&datanum=180141376&searchlist_uri=%2F_c21_%2Fcafesearch&search_ctx=mXHEqj36JebiwGreGfTsfveFgDz6pTFmzA9ignoh1M5AkMeEoeYLzYGdNt9uqFaf61DPXAFl2LJLM1O_-vcCbcDl.qFPPmXwg_jpAzwhBJdo7YKErihYBpamtmNeuL5LBiXdLvrlgUV1t.vaQ.EizEwm-AfmeYOMgH4eEovqoeANcvfKMBqyMJgOt5p.Nf5tSVYYywj7EziefrQtdgrDW5t2pM4V-8-..WEn544cOOO361JSq-fmDaumrGTMkQAIkO-SRjDkIhmc3OLV9kF5tMLJQfJNpeCSykaj5lH7SwFS_UKaWxwDbhgbIe1yVXbG3mNAPhCb6NLKAs5ih3ZZujOrWCBMg3_9,대체 언제 해주는거야,에이블리,
180139384,180139384,Lp0T,자유게시판,스파오 나루토 ㅁㅊ ㅋㅋㅋㅋ,여시,True,0,0,26.07.14,244,https://cafe.daum.net/_c21_/bbs_nsread?grpid=1IHuH&fldid=Lp0T&contentval=CBqTwzzzzzzzzzzzzzzzzzzzzzzzzz&datanum=180139384&searchlist_uri=%2F_c21_%2Fcafesearch&search_ctx=mXHEqj36JebiwGreGfTsfveFgDz6pTFmzA9ignoh1M5AkMeEoeYLzYGdNt9uqFaf61DPXAFl2LJLM1O_-vcCbcDl.qFPPmXwg_jpAzwhBJdo7YKErihYBpamtmNeuL5L98XW3zj7ZfMgeHq-n4-5pfWG_LfSaA_3Bv9vZS1fTjzJO1hZtgtDZ4TJHdFvwJpSyyw_w-fWGtKre4_Ov6ZcPlSAmPkXi52WWqYqVxBsMk_ZMPs.WFkOC-MRcHGKaOc1mCxLlZgDSSjFiCehjMZ6XfDjJBWd5IFBbe_EDzLVl8fCcgtqJgKAIwvlcqvFgj3rPzInTPuwSMI0,무신사 앱 켰다가 겁나 놀랬네 아카츠키랑 호카게가 될수있네 ㅋㅋㅋㅋㅋ 갖고싶다,무신사,
180139375,180139375,Lp0T,자유게시판,여시들 인스타에서 예쁜 옷을 봤을때 네이버스마트스토어에서 구매해야하면 별로야?,여시,False,0,0,26.07.14,94,https://cafe.daum.net/_c21_/bbs_nsread?grpid=1IHuH&fldid=Lp0T&contentval=CBqTnzzzzzzzzzzzzzzzzzzzzzzzzz&datanum=180139375&searchlist_uri=%2F_c21_%2Fcafesearch&search_ctx=mXHEqj36JebiwGreGfTsfveFgDz6pTFmzA9ignoh1M5AkMeEoeYLzYGdNt9uqFaf61DPXAFl2LJLM1O_-vcCbcDl.qFPPmXwg_jpAzwhBJdo7YKErihYBpamtmNeuL5LBiXdLvrlgUV1t.vaQ.EizEwm-AfmeYOMgH4eEovqoeANcvfKMBqyMJgOt5p.Nf5tSVYYywj7EziefrQtdgrDW5t2pM4V-8-..WEn544cOOO361JSq-fmDaumrGTMkQAIkO-SRjDkIhmc3OLV9kF5tMLJQfJNpeCSykaj5lH7SwFS_UKaWxwDbhgbIe1yVXbG3mNAPhCb6NLKAs5ih3ZZujOrWCBMg3_9,에이블리 를 더 선호해???,에이블리,
180139110,180139110,Lp0T,자유게시판,무신사 가방 사려는데 세일 하면 보통 얼마나 해?,여시,False,0,0,26.07.14,18,https://cafe.daum.net/_c21_/bbs_nsread?grpid=1IHuH&fldid=Lp0T&contentval=CBqPWzzzzzzzzzzzzzzzzzzzzzzzzz&datanum=180139110&searchlist_uri=%2F_c21_%2Fcafesearch&search_ctx=mXHEqj36JebiwGreGfTsfveFgDz6pTFmzA9ignoh1M5AkMeEoeYLzYGdNt9uqFaf61DPXAFl2LJLM1O_-vcCbcDl.qFPPmXwg_jpAzwhBJdo7YKErihYBpamtmNeuL5L98XW3zj7ZfMgeHq-n4-5pfWG_LfSaA_3Bv9vZS1fTjzJO1hZtgtDZ4TJHdFvwJpSyyw_w-fWGtKre4_Ov6ZcPlSAmPkXi52WWqYqVxBsMk_ZMPs.WFkOC-MRcHGKaOc1mCxLlZgDSSjFiCehjMZ6XfDjJBWd5IFBbe_EDzLVl8fCcgtqJgKAIwvlcqvFgj3rPzInTPuwSMI0,무신사 잘 안 사봄... 무신사 스포츠 가방 살라고!,무신사,
180138926,180138926,Lp0T,자유게시판,하말넘많 보고 29cm 에서 사볼랬는데,여시,False,0,4,26.07.14,237,https://cafe.daum.net/_c21_/bbs_nsread?grpid=1IHuH&fldid=Lp0T&contentval=CBqMYzzzzzzzzzzzzzzzzzzzzzzzzz&datanum=180138926&searchlist_uri=%2F_c21_%2Fcafesearch&search_ctx=mXHEqj36JebiwGreGfTsfveFgDz6pTFmzA9ignoh1M5AkMeEoeYLzYGdNt9uqFaf61DPXAFl2LJLM1O_-vcCbcDl.qFPPmXwg_jpAzwhBJdo7YKErihYBpamtmNeuL5LBiXdLvrlgUV1t.vaQ.EizEwm-AfmeYOMgH4eEovqoeANcvfKMBqyMEBijMJwvlvVQg3QHIPKq-TB9VDc5FJkC5Pu6ycntzRBQdEho1DilHhmIaS4cgRowj61ukpyr98fbi9aPndXkZCKA7xmCDsqHj9Zj6S6bGa.pUUEsBBbkSXw2H4ImRQbow00,플래터랑 커피랑 버터 근데 담으니까 다 따로따로 배송비 붙어서 배송비만 11500원 됨; 스토어별로 배송비가 붙으면 29cm 에서 사는 의미가 있나,"29CM,29cm",
180138700,180138700,Lp0T,자유게시판,오늘 회사 화장실에서 옷따(?)했는데,여시,False,0,12,26.07.14,291,https://cafe.daum.net/_c21_/bbs_nsread?grpid=1IHuH&fldid=Lp0T&contentval=CBqIuzzzzzzzzzzzzzzzzzzzzzzzzz&datanum=180138700&searchlist_uri=%2F_c21_%2Fcafesearch&search_ctx=mXHEqj36JebiwGreGfTsfveFgDz6pTFmzA9ignoh1M5AkMeEoeYLzYGdNt9uqFaf61DPXAFl2LJLM1O_-vcCbcDl.qFPPmXwg_jpAzwhBJdo7YKErihYBpamtmNeuL5LBiXdLvrlgUV1t.vaQ.EizEwm-AfmeYOMgH4eEovqoeANcvfKMBqyMDcKxc5H9oEBwpH5l8dRQpQPumOS68dYVgJgbmQDW9Lcf8TuBWO3TcMb3.3GsNn8rlsp5imrZr1NKVS2Ci6ViZT7KTCViRj2KYUX22TmI5zM9noSwIJkJhFnqfs8w6G6Uv9EiMbTQd1TjZty5UzVFsD2Orgzj9Wvadi2CP1uLGoD,걍 아예 모르는 사람이었는데 셔츠가 마음에 들어서 걍 냅다 물어봤거든? 친절하게 지그재그 에서 찾아줘서 사진 일단 찍고 왔는데 지금 보니 내가 지그재그 에 찜해놓은 상품이더라?ㅎ 사라는 하늘의 뜻인가보다...ㅎ,지그재그,
180136591,180136591,Lp0T,자유게시판,살빼면 시발 육덕미시느낌 사라질까,여시,False,0,8,26.07.14,208,https://cafe.daum.net/_c21_/bbs_nsread?grpid=1IHuH&fldid=Lp0T&contentval=CBpktzzzzzzzzzzzzzzzzzzzzzzzzz&datanum=180136591&searchlist_uri=%2F_c21_%2Fcafesearch&search_ctx=mXHEqj36JebiwGreGfTsfveFgDz6pTFmzA9ignoh1M5AkMeEoeYLzYGdNt9uqFaf61DPXAFl2LJLM1O_-vcCbcDl.qFPPmXwg_jpAzwhBJdo7YKErihYBpamtmNeuL5LBiXdLvrlgUV1t.vaQ.EizEwm-AfmeYOMgH4eEovqoeANcvfKMBqyMJgOt5p.Nf5tSVYYywj7EziefrQtdgrDW5t2pM4V-8-..WEn544cOOO361JSq-fmDaumrGTMkQAIkO-SRjDkIhmc3OLV9kF5tMLJQfJNpeCSykaj5lH7SwFS_UKaWxwDbhgbIe1yVXbG3mNAPhCb6NLKAs5ih3ZZujOrWCBMg3_9,진짜 체형 개좃같은 체형이라 에이블리 하타치 남미새룩 잘어울리는 개씹ㅈ같은체형임 가슴크고 엉덩이크고 골반있고 허리 얇은편임 진짜 어딜가도 엉덩이 얘기만 ㅈㄴ하고 슬랙스 입어도 엉덩이만 개튀어나옴...,에이블리,
180134898,180134898,Lp0T,자유게시판,에이블리 에 쉬인에서 옷 떼와서 팔아도 돼?;;...,여시,False,0,0,26.07.14,239,https://cafe.daum.net/_c21_/bbs_nsread?grpid=1IHuH&fldid=Lp0T&contentval=CBpJazzzzzzzzzzzzzzzzzzzzzzzzz&datanum=180134898&searchlist_uri=%2F_c21_%2Fcafesearch&search_ctx=mXHEqj36JebiwGreGfTsfveFgDz6pTFmzA9ignoh1M5AkMeEoeYLzYGdNt9uqFaf61DPXAFl2LJLM1O_-vcCbcDl.qFPPmXwg_jpAzwhBJdo7YKErihYBpamtmNeuL5LBiXdLvrlgUV1t.vaQ.EizEwm-AfmeYOMgH4eEovqoeANcvfKMBqyMJgOt5p.Nf5tSVYYywj7EziefrQtdgrDW5t2pM4V-8-..WEn544cOOO361JSq-fmDaumrGTMkQAIkO-SRjDkIhmc3OLV9kF5tMLJQfJNpeCSykaj5lH7SwFS_UKaWxwDbhgbIe1yVXbG3mNAPhCb6NLKAs5ih3ZZujOrWCBMg3_9,나시 블라우스 샀는데 안에 택이 쉬인이네 ㅋㅋㅋㅋㅋ 생각해보면 보세 거의다 중국에서 떼오니까 -안될건 없지만 당황 ..,에이블리,
180134718,180134718,Lp0T,자유게시판,"아 요즘 여자들 163/46, 168/50 이러네",여시,False,0,0,26.07.14,204,https://cafe.daum.net/_c21_/bbs_nsread?grpid=1IHuH&fldid=Lp0T&contentval=CBpGgzzzzzzzzzzzzzzzzzzzzzzzzz&datanum=180134718&searchlist_uri=%2F_c21_%2Fcafesearch&search_ctx=mXHEqj36JebiwGreGfTsfveFgDz6pTFmzA9ignoh1M5AkMeEoeYLzYGdNt9uqFaf61DPXAFl2LJLM1O_-vcCbcDl.qFPPmXwg_jpAzwhBJdo7YKErihYBpamtmNeuL5L98XW3zj7ZfMgeHq-n4-5pfWG_LfSaA_3Bv9vZS1fTjzJO1hZtgtDZ_bBKotIrUri2h_Js41DfOYQc-e54RJcswg9PDEPR8I.QBVSaUvnpYQPokboHK35JBnqQLkol7iyfTTaVMg97_b6zI2-RkYTr1FAqYtDgVjt5x6NKV-jJFpuiO3AJHyrhoDphaVUwJG6Tk-LKxsIWrgxsTrf1.fFCDYq-P9GcY1t,지그재그 리뷰 보는데...... 다들 뼈말라네.. 리뷰가 도움이 안됨,지그재그,
180130667,180130667,Lp0T,자유게시판,지그재그 랑 에이블리 중에 뭐가 더 배송 빨라?,여시,False,0,0,26.07.14,47,https://cafe.daum.net/_c21_/bbs_nsread?grpid=1IHuH&fldid=Lp0T&contentval=CBoDLzzzzzzzzzzzzzzzzzzzzzzzzz&datanum=180130667&searchlist_uri=%2F_c21_%2Fcafesearch&search_ctx=mXHEqj36JebiwGreGfTsfveFgDz6pTFmzA9ignoh1M5AkMeEoeYLzYGdNt9uqFaf61DPXAFl2LJLM1O_-vcCbcDl.qFPPmXwg_jpAzwhBJdo7YKErihYBpamtmNeuL5L98XW3zj7ZfMgeHq-n4-5pfWG_LfSaA_3Bv9vZS1fTjzJO1hZtgtDZ_bBKotIrUri2h_Js41DfOYQc-e54RJcswg9PDEPR8I.QBVSaUvnpYQPokboHK35JBnqQLkol7iyfTTaVMg97_b6zI2-RkYTr1FAqYtDgVjt5x6NKV-jJFpuiO3AJHyrhoDphaVUwJG6Tk-LKxsIWrgxsTrf1.fFCDYq-P9GcY1t,직진배송이랑 오늘출발 기준으로.... 더 빠른 곳에서 시키게,"에이블리,지그재그",
180120861,180120861,Lp0T,자유게시판,29cm 읽을 때 뭘로 읽어?,여시,False,0,0,26.07.13,312,https://cafe.daum.net/_c21_/bbs_nsread?grpid=1IHuH&fldid=Lp0T&contentval=CBlfBzzzzzzzzzzzzzzzzzzzzzzzzz&datanum=180120861&searchlist_uri=%2F_c21_%2Fcafesearch&search_ctx=mXHEqj36JebiwGreGfTsfveFgDz6pTFmzA9ignoh1M5AkMeEoeYLzYGdNt9uqFaf61DPXAFl2LJLM1O_-vcCbcDl.qFPPmXwg_jpAzwhBJdo7YKErihYBpamtmNeuL5LBiXdLvrlgUV1t.vaQ.EizEwm-AfmeYOMgH4eEovqoeANcvfKMBqyMEBijMJwvlvVQg3QHIPKq-TB9VDc5FJkC5Pu6ycntzRBQdEho1DilHhmIaS4cgRowj61ukpyr98fbi9aPndXkZCKA7xmCDsqHj9Zj6S6bGa.pUUEsBBbkSXw2H4ImRQbow00,이십구센치 vs 이십구센티미터 난 1로 읽는데 하말넘많은 2로 읽길래 저게 공식(?)인가 싶어서 물어봄ㅋㅋ,"29CM,29cm",
180120642,180120642,Lp0T,자유게시판,이제 하바이아나스 쪼리 살 수 없는 것..?,여시,False,0,0,26.07.13,53,https://cafe.daum.net/_c21_/bbs_nsread?grpid=1IHuH&fldid=Lp0T&contentval=CBlbezzzzzzzzzzzzzzzzzzzzzzzzz&datanum=180120642&searchlist_uri=%2F_c21_%2Fcafesearch&search_ctx=mXHEqj36JebiwGreGfTsfveFgDz6pTFmzA9ignoh1M5AkMeEoeYLzYGdNt9uqFaf61DPXAFl2LJLM1O_-vcCbcDl.qFPPmXwg_jpAzwhBJdo7YKErihYBpamtmNeuL5L98XW3zj7ZfMgeHq-n4-5pfWG_LfSaA_3Bv9vZS1fTjzJO1hZtgtDZ4TJHdFvwJpSyyw_w-fWGtKre4_Ov6ZcPlSAmPkXi52WWqYqVxBsMk_ZMPs.WFkOC-MRcHGKaOc1mCxLlZgDSSjFiCehjMZ6XfDjJBWd5IFBbe_EDzLVl8fCcgtqJgKAIwvlcqvFgj3rPzInTPuwSMI0,29랑 더블유 무신사 다 없다 ..,무신사,
180119421,180119421,Lp0T,자유게시판,무신사 스탠다드 매장은 울지역에 있어서 아는데 서울에는 무신사 매장도 따로 있어?,여시,False,0,0,26.07.13,50,https://cafe.daum.net/_c21_/bbs_nsread?grpid=1IHuH&fldid=Lp0T&contentval=CBlHxzzzzzzzzzzzzzzzzzzzzzzzzz&datanum=180119421&searchlist_uri=%2F_c21_%2Fcafesearch&search_ctx=mXHEqj36JebiwGreGfTsfveFgDz6pTFmzA9ignoh1M5AkMeEoeYLzYGdNt9uqFaf61DPXAFl2LJLM1O_-vcCbcDl.qFPPmXwg_jpAzwhBJdo7YKErihYBpamtmNeuL5L98XW3zj7ZfMgeHq-n4-5pfWG_LfSaA_3Bv9vZS1fTjzJO1hZtgtDZ4TJHdFvwJpSyyw_w-fWGtKre4_Ov6ZcPlSAmPkXi52WWqYqVxBsMk_ZMPs.WFkOC-MRcHGKaOc1mCxLlZgDSSjFiCehjMZ6XfDjJBWd5IFBbe_EDzLVl8fCcgtqJgKAIwvlcqvFgj3rPzInTPuwSMI0,다른건가,무신사,
180118252,180118252,Lp0T,자유게시판,무신사 는 매장 재고조회같은 거 없나,여시,False,0,0,26.07.13,7,https://cafe.daum.net/_c21_/bbs_nsread?grpid=1IHuH&fldid=Lp0T&contentval=CBkz6zzzzzzzzzzzzzzzzzzzzzzzzz&datanum=180118252&searchlist_uri=%2F_c21_%2Fcafesearch&search_ctx=mXHEqj36JebiwGreGfTsfveFgDz6pTFmzA9ignoh1M5AkMeEoeYLzYGdNt9uqFaf61DPXAFl2LJLM1O_-vcCbcDl.qFPPmXwg_jpAzwhBJdo7YKErihYBpamtmNeuL5LMdHHvMDZ-3VrCb6AaJRm4A9EVBBhvujCcGvOa9-Mrqa6Mef8qDUJnVZnD9GmPK8NN8ySEWPhm3.yPoGyeUqK6t3cg2WL1yYOE3aFKB2PhzvyNB_EwY2Uv6LeBNyYvhkpnfbqM44.PhN.U9ydzA.pM9VRdd4lelB.V_St.PUOvg.448A-NCL-Ncsjg7y-xPI9Pe3-EWM2TT50,좀 만들지ㅠ,무신사,
180117956,180117956,Lp0T,자유게시판,무신사 나 w컨셉 같은데 ui가 너무 구려,여시,False,0,0,26.07.13,43,https://cafe.daum.net/_c21_/bbs_nsread?grpid=1IHuH&fldid=Lp0T&contentval=CBkuKzzzzzzzzzzzzzzzzzzzzzzzzz&datanum=180117956&searchlist_uri=%2F_c21_%2Fcafesearch&search_ctx=mXHEqj36JebiwGreGfTsfveFgDz6pTFmzA9ignoh1M5AkMeEoeYLzYGdNt9uqFaf61DPXAFl2LJLM1O_-vcCbcDl.qFPPmXwg_jpAzwhBJdo7YKErihYBpamtmNeuL5LMdHHvMDZ-3VrCb6AaJRm4A9EVBBhvujCcGvOa9-Mrqa6Mef8qDUJnVZnD9GmPK8NN8ySEWPhm3.yPoGyeUqK6t3cg2WL1yYOE3aFKB2PhzvyNB_EwY2Uv6LeBNyYvhkpnfbqM44.PhN.U9ydzA.pM9VRdd4lelB.V_St.PUOvg.448A-NCL-Ncsjg7y-xPI9Pe3-EWM2TT50,가독성 존나안좋아서 못보겟어 ㅅㅂ,무신사,
180117028,180117028,Lp0T,자유게시판,회사 입고다닐만한 질인데 그냥 반팔티 ㄱㅊ은 브랜드,여시,False,0,0,26.07.13,18,https://cafe.daum.net/_c21_/bbs_nsread?grpid=1IHuH&fldid=Lp0T&contentval=CBkfMzzzzzzzzzzzzzzzzzzzzzzzzz&datanum=180117028&searchlist_uri=%2F_c21_%2Fcafesearch&search_ctx=mXHEqj36JebiwGreGfTsfveFgDz6pTFmzA9ignoh1M5AkMeEoeYLzYGdNt9uqFaf61DPXAFl2LJLM1O_-vcCbcDl.qFPPmXwg_jpAzwhBJdo7YKErihYBpamtmNeuL5LBiXdLvrlgUV1t.vaQ.EizEwm-AfmeYOMgH4eEovqoeANcvfKMBqyMEBijMJwvlvVQg3QHIPKq-TB9VDc5FJkC5Pu6ycntzRBQdEho1DilHhmIaS4cgRowj61ukpyr98fbi9aPndXkZCKA7xmCDsqHj9Zj6S6bGa.pUUEsBBbkSXw2H4ImRQbow00,너무 후리하진않지만 그래도 짱짱한... 그런 29cm 에있을만한...,"29CM,29cm",
180114457,180114457,Lp0T,자유게시판,무신사 적립금 쓸모없다..,여시,False,0,0,26.07.13,37,https://cafe.daum.net/_c21_/bbs_nsread?grpid=1IHuH&fldid=Lp0T&contentval=CBjztzzzzzzzzzzzzzzzzzzzzzzzzz&datanum=180114457&searchlist_uri=%2F_c21_%2Fcafesearch&search_ctx=mXHEqj36JebiwGreGfTsfveFgDz6pTFmzA9ignoh1M5AkMeEoeYLzYGdNt9uqFaf61DPXAFl2LJLM1O_-vcCbcDl.qFPPmXwg_jpAzwhBJdo7YKErihYBpamtmNeuL5LMdHHvMDZ-3VrCb6AaJRm4A9EVBBhvujCcGvOa9-Mrqa6Mef8qDUJnVZnD9GmPK8NN8ySEWPhm3.yPoGyeUqK6t3cg2WL1yYOE3aFKB2PhzvyNB_EwY2Uv6LeBNyYvhkpnfbqM44.PhN.U9ydzA.pM9VRdd4lelB.V_St.PUOvg.448A-NCL-Ncsjg7y-xPI9Pe3-EWM2TT50,7퍼 사용 제한 에바야 할인하는 제품엔 적립금 적용 못하고 ㅡㅡ,무신사,
180112584,180112584,Lp0T,자유게시판,무신사 무ㅓ야 ㅅㅂ,여시,False,0,0,26.07.13,65,https://cafe.daum.net/_c21_/bbs_nsread?grpid=1IHuH&fldid=Lp0T&contentval=CBjVgzzzzzzzzzzzzzzzzzzzzzzzzz&datanum=180112584&searchlist_uri=%2F_c21_%2Fcafesearch&search_ctx=mXHEqj36JebiwGreGfTsfveFgDz6pTFmzA9ignoh1M5AkMeEoeYLzYGdNt9uqFaf61DPXAFl2LJLM1O_-vcCbcDl.qFPPmXwg_jpAzwhBJdo7YKErihYBpamtmNeuL5LMdHHvMDZ-3VrCb6AaJRm4A9EVBBhvujCcGvOa9-Mrqa6Mef8qDUJnVZnD9GmPK8NN8ySEWPhm3.yPoGyeUqK6t3cg2WL1yYOE3aFKB2PhzvyNB_EwY2Uv6LeBNyYvhkpnfbqM44.PhN.U9ydzA.pM9VRdd4lelB.V_St.PUOvg.448A-NCL-Ncsjg7y-xPI9Pe3-EWM2TT50,지난주에 삿는데 갑자기 품절이라고 취소처리 시킴 미쳤나,무신사,
180110379,180110379,Lp0T,자유게시판,무신사 무탠다드 수건 써본 여시?,여시,False,0,0,26.07.13,4,https://cafe.daum.net/_c21_/bbs_nsread?grpid=1IHuH&fldid=Lp0T&contentval=CBiw7zzzzzzzzzzzzzzzzzzzzzzzzz&datanum=180110379&searchlist_uri=%2F_c21_%2Fcafesearch&search_ctx=mXHEqj36JebiwGreGfTsfveFgDz6pTFmzA9ignoh1M5AkMeEoeYLzYGdNt9uqFaf61DPXAFl2LJLM1O_-vcCbcDl.qFPPmXwg_jpAzwhBJdo7YKErihYBpamtmNeuL5LMdHHvMDZ-3VrCb6AaJRm4A9EVBBhvujCcGvOa9-Mrqa6Mef8qDUJnVZnD9GmPK8NN8ySEWPhm3.yPoGyeUqK6t3cg2WL1yYOE3aFKB2PhzvyNB_EwY2Uv6LeBNyYvhkpnfbqM44.PhN.U9ydzA.pM9VRdd4lelB.V_St.PUOvg.448A-NCL-Ncsjg7y-xPI9Pe3-EWM2TT50,어때?,무신사,
180106470,180106470,Lp0T,자유게시판,이거 썬크림 완전 별로임 사지마,여시,True,0,0,26.07.13,120,https://cafe.daum.net/_c21_/bbs_nsread?grpid=1IHuH&fldid=Lp0T&contentval=CBhv4zzzzzzzzzzzzzzzzzzzzzzzzz&datanum=180106470&searchlist_uri=%2F_c21_%2Fcafesearch&search_ctx=mXHEqj36JebiwGreGfTsfveFgDz6pTFmzA9ignoh1M5AkMeEoeYLzYGdNt9uqFaf61DPXAFl2LJLM1O_-vcCbcDl.qFPPmXwg_jpAzwhBJdo7YKErihYBpamtmNeuL5LMdHHvMDZ-3VrCb6AaJRm4A9EVBBhvujCcGvOa9-Mrqa6Mef8qDUJnVZnD9GmPK8NN8ySEWPhm3.yPoGyeUqK6t3cg2WL1yYOE3aFKB2PhzvyNB_EwY2Uv6LeBNyYvhkpnfbqM44.PhN.U9ydzA.pM9VRdd4lelB.V_St.PUOvg.448A-NCL-Ncsjg7y-xPI9Pe3-EWM2TT50,이거 체험단 엄청 뿌렸는데 무슨 알갱이 같은거 녹지도않는거 나오고 지금은 무신사 에서 싸게 뿌리던데 진짜 별로야,무신사,
180106294,180106294,Lp0T,자유게시판,이번주 내돌 콘서트가는데,여시,False,0,0,26.07.13,23,https://cafe.daum.net/_c21_/bbs_nsread?grpid=1IHuH&fldid=Lp0T&contentval=CBhsEzzzzzzzzzzzzzzzzzzzzzzzzz&datanum=180106294&searchlist_uri=%2F_c21_%2Fcafesearch&search_ctx=mXHEqj36JebiwGreGfTsfveFgDz6pTFmzA9ignoh1M5AkMeEoeYLzYGdNt9uqFaf61DPXAFl2LJLM1O_-vcCbcDl.qFPPmXwg_jpAzwhBJdo7YKErihYBpamtmNeuL5L98XW3zj7ZfMgeHq-n4-5pfWG_LfSaA_3Bv9vZS1fTjzJO1hZtgtDZ67nyuPrJLM5qV8dRsMiuskHb_JWKibn__3cnSSJnDYyTqJyEx3pbYIXoUoopBcspz.xz2chsGHMldWBRX.jHDkL_ewyDD.DKsoi3J8bZEbiXdNNvE1SiQpAlRxfnMDxR9QNktGjqaNewkhdkDhY3FN4CJQjM84CcjdFI7Jl-948,이전같으면 코르셋 쫙 쪼이려고 에이블리 뒤지는데 이젠 상하차 뛰는 룩입고 공연 20분전에 도착해서 좌석에 편하게 앉을생각만함... 콘서트도 젊을때가야한다 진짜...,에이블리,
180105644,180105644,Lp0T,자유게시판,산리오 수영복도 있네,여시,True,0,0,26.07.13,233,https://cafe.daum.net/_c21_/bbs_nsread?grpid=1IHuH&fldid=Lp0T&contentval=CBhhkzzzzzzzzzzzzzzzzzzzzzzzzz&datanum=180105644&searchlist_uri=%2F_c21_%2Fcafesearch&search_ctx=mXHEqj36JebiwGreGfTsfveFgDz6pTFmzA9ignoh1M5AkMeEoeYLzYGdNt9uqFaf61DPXAFl2LJLM1O_-vcCbcDl.qFPPmXwg_jpAzwhBJdo7YKErihYBpamtmNeuL5LMdHHvMDZ-3VrCb6AaJRm4A9EVBBhvujCcGvOa9-Mrqa6Mef8qDUJnVZnD9GmPK8NN8ySEWPhm3.yPoGyeUqK6t3cg2WL1yYOE3aFKB2PhzvyNB_EwY2Uv6LeBNyYvhkpnfbqM44.PhN.U9ydzA.pM9VRdd4lelB.V_St.PUOvg.448A-NCL-Ncsjg7y-xPI9Pe3-EWM2TT50,무신사 보는데 산리오 수영복 있더라ㅋㅋ 시나모롤 개좋아하는데 디쟌 괜춘한듯??,무신사,
180101864,180101864,Lp0T,자유게시판,클렌징폼 기록용,여시,False,0,0,26.07.13,88,https://cafe.daum.net/_c21_/bbs_nsread?grpid=1IHuH&fldid=Lp0T&contentval=CBgimzzzzzzzzzzzzzzzzzzzzzzzzz&datanum=180101864&searchlist_uri=%2F_c21_%2Fcafesearch&search_ctx=mXHEqj36JebiwGreGfTsfveFgDz6pTFmzA9ignoh1M5AkMeEoeYLzYGdNt9uqFaf61DPXAFl2LJLM1O_-vcCbcDl.qFPPmXwg_jpAzwhBJdo7YKErihYBpamtmNeuL5LMdHHvMDZ-3VrCb6AaJRm4A9EVBBhvujCcGvOa9-Mrqa6Mef8qDUJnVZnD9GmPK8NN8ySEWPhm3.yPoGyeUqK6t3cg2WL1yYOE3aFKB2PhzvyNB_EwY2Uv6LeBNyYvhkpnfbqM44.PhN.U9ydzA.pM9VRdd4lelB.V_St.PUOvg.448A-NCL-Ncsjg7y-xPI9Pe3-EWM2TT50,거 도전 중 폰즈 스파(리뉴얼전) : 괜찮았음! 재구매의사 있었는데 리뉴얼됐네..? 미샤 녹차 : 굿굿. 무신사 세일할때 사면 가성비 미쳤음 이니스프리 화산송이 : 무난템~ ㄱㅊㄱㅊ 코스알엑스 살리실산 : 이번에...,무신사,
180101372,180101372,Lp0T,자유게시판,"에이블리 , 알리/테무/쉬인 똑같은 옷 알고보니 다른 옷인게 더 많더라",여시,False,0,0,26.07.13,229,https://cafe.daum.net/_c21_/bbs_nsread?grpid=1IHuH&fldid=Lp0T&contentval=CBgaqzzzzzzzzzzzzzzzzzzzzzzzzz&datanum=180101372&searchlist_uri=%2F_c21_%2Fcafesearch&search_ctx=mXHEqj36JebiwGreGfTsfveFgDz6pTFmzA9ignoh1M5AkMeEoeYLzYGdNt9uqFaf61DPXAFl2LJLM1O_-vcCbcDl.qFPPmXwg_jpAzwhBJdo7YKErihYBpamtmNeuL5L98XW3zj7ZfMgeHq-n4-5pfWG_LfSaA_3Bv9vZS1fTjzJO1hZtgtDZ67nyuPrJLM5qV8dRsMiuskHb_JWKibn__3cnSSJnDYyTqJyEx3pbYIXoUoopBcspz.xz2chsGHMldWBRX.jHDkL_ewyDD.DKsoi3J8bZEbiXdNNvE1SiQpAlRxfnMDxR9QNktGjqaNewkhdkDhY3FN4CJQjM84CcjdFI7Jl-948,"같은 중국산이어도 재질, 색상 ㅈㄴ 다름 ㅅㅂ",에이블리,
14739134,14739134,W17m,직장인 대나무숲,복장 프리해서 서른넷 먹고도 무신사 반팔에 조거팬츠 입고다님;;,여시,False,0,0,26.07.13,109,https://cafe.daum.net/_c21_/bbs_nsread?grpid=1IHuH&fldid=W17m&contentval=0zqJyzzzzzzzzzzzzzzzzzzzzzzzzz&datanum=14739134&searchlist_uri=%2F_c21_%2Fcafesearch&search_ctx=mXHEqj36JebiwGreGfTsfveFgDz6pTFmzA9ignoh1M5AkMeEoeYLzYGdNt9uqFaf61DPXAFl2LJLM1O_-vcCbcDl.qFPPmXwg_jpAzwhBJdo7YKErihYBpamtmNeuL5L98XW3zj7ZfMgeHq-n4-5pfWG_LfSaA_3Bv9vZS1fTjzJO1hZtgtDZ4TJHdFvwJpSyyw_w-fWGtKre4_Ov6ZcPlSAmPkXi52WWqYqVxBsMk_ZMPs.WFkOC-MRcHGKaOc1mCxLlZgDSSjFiCehjMZ6XfDjJBWd5IFBbe_EDzLVl8fCcgtqJgKAIwvlcqvFgj3rPzInTPuwSMI0,지금 무신사 랭킹에 있는 반팔 두개 결제하고 옴..,무신사,
11500441,11500441,VN83,금전거래전용게시판,무신사 우먼즈 와이드 카고 팬츠 베이지 25,돌비랃이오,True,0,0,26.07.16,7,https://cafe.daum.net/_c21_/bbs_nsread?grpid=1IHuH&fldid=VN83&contentval=0mFmzzzzzzzzzzzzzzzzzzzzzzzzzz&datanum=11500441&searchlist_uri=%2F_c21_%2Fcafesearch&search_ctx=mXHEqj36JebiwGreGfTsfveFgDz6pTFmzA9ignoh1M5AkMeEoeYLzYGdNt9uqFaf61DPXAFl2LJLM1O_-vcCbcDl.qFPPmXwg_jpAzwhBJdo7YKErihYBpamtmNeuL5LBiXdLvrlgUV1t.vaQ.EizEwm-AfmeYOMgH4eEovqoeANcvfKMBqyMN3tb.XbvyfHxvkziWpKuDX-nxAKllWaHZoyfw3aPTVFjqxiheaBNsTRbBBHz79WceLO6S_N1__3BHZd_nqeeblowsZ6TLuFRtZ1GKONBgeda75-JcxOu1Z5.uxv6HSMIbw34p6Fy49blvCfpKRQZu50,- 구매가 : 4.3만원 - 판매가 : 2.8만원 - 사이즈 : 25 - 상태 : 9.5/10 실착 1회 끝 - 베이지 색상 카고팬츠 입니다! 저와는 어울리지않아 저렴하게 판매합니다ㅠㅠ 베이지 색상 카고팬츠 저렴하게 가져가세요!!,무신사,
11500390,11500390,VN83,금전거래전용게시판,옷장정리 가격내림,팥 빙수,True,0,0,26.07.16,28,https://cafe.daum.net/_c21_/bbs_nsread?grpid=1IHuH&fldid=VN83&contentval=0mFmAzzzzzzzzzzzzzzzzzzzzzzzzz&datanum=11500390&searchlist_uri=%2F_c21_%2Fcafesearch&search_ctx=mXHEqj36JebiwGreGfTsfveFgDz6pTFmzA9ignoh1M5AkMeEoeYLzYGdNt9uqFaf61DPXAFl2LJLM1O_-vcCbcDl.qFPPmXwg_jpAzwhBJdo7YKErihYBpamtmNeuL5LBiXdLvrlgUV1t.vaQ.EizEwm-AfmeYOMgH4eEovqoeANcvfKMBqyMCoMeGDwDdXYh-teTp46M_r_dbbLAoOvKlGu2YwKWRBbcWs3iFjCHbGfs6EbDjqD6Hb2ovHM1aPCQvk6eG6XSgnYAKSrU2pL9hmYJtb78TZfTs28-soQSb4uKppunpPZzw00,"버전, L) - 25,000 전체적으로 깨끗합니다. [page] 버트너 비조 슬랙스 (2color/숏·롱/S-L) https://s. zigzag .kr/YzDCdt3qf0 킨다베이지 [page] 버트너 비조 슬랙스 (2color/숏·롱/S-L) 킨다베이지 [page...","29CM,29cm,zigzag",
11500355,11500355,VN83,금전거래전용게시판,"미쏘, 에잇세컨즈 등 옷 저렴하게 많이 팔아요",디딩,True,0,0,26.07.16,15,https://cafe.daum.net/_c21_/bbs_nsread?grpid=1IHuH&fldid=VN83&contentval=0mFlbzzzzzzzzzzzzzzzzzzzzzzzzz&datanum=11500355&searchlist_uri=%2F_c21_%2Fcafesearch&search_ctx=mXHEqj36JebiwGreGfTsfveFgDz6pTFmzA9ignoh1M5AkMeEoeYLzYGdNt9uqFaf61DPXAFl2LJLM1O_-vcCbcDl.qFPPmXwg_jpAzwhBJdo7YKErihYBpamtmNeuL5LBiXdLvrlgUV1t.vaQ.EizEwm-AfmeYOMgH4eEovqoeANcvfKMBqyMN3tb.XbvyfHxvkziWpKuDX-nxAKllWaHZoyfw3aPTVFjqxiheaBNsTRbBBHz79WceLO6S_N1__3BHZd_nqeeblowsZ6TLuFRtZ1GKONBgeda75-JcxOu1Z5.uxv6HSMIbw34p6Fy49blvCfpKRQZu50,리본 블라우스 m 2번 착용 상태 좋아요 1만원 4. 에잇세컨즈 민소매 니트 아이보리 m 새상품 9천원 5. 무신사 스탠다드 스퀘어넥 민소매 화이트 s 새상품 1만원 6. 무신사 스탠다드 우먼즈 슬림 크루넥 티셔츠 S...,무신사,
11500244,11500244,VN83,금전거래전용게시판,29cm 최저가 구합니다!,김디또,True,0,8,26.07.16,9,https://cafe.daum.net/_c21_/bbs_nsread?grpid=1IHuH&fldid=VN83&contentval=0mFjozzzzzzzzzzzzzzzzzzzzzzzzz&datanum=11500244&searchlist_uri=%2F_c21_%2Fcafesearch&search_ctx=mXHEqj36JebiwGreGfTsfveFgDz6pTFmzA9ignoh1M5AkMeEoeYLzYGdNt9uqFaf61DPXAFl2LJLM1O_-vcCbcDl.qFPPmXwg_jpAzwhBJdo7YKErihYBpamtmNeuL5LBiXdLvrlgUV1t.vaQ.EizEwm-AfmeYOMgH4eEovqoeANcvfKMBqyMEBijMJwvlvVQg3QHIPKq-TB9VDc5FJkC5Pu6ycntzRBQdEho1DilHhmIaS4cgRowj61ukpyr98fbi9aPndXkZCKA7xmCDsqHj9Zj6S6bGa.pUUEsBBbkSXw2H4ImRQbow00,신규 가입 관련 [삽니다] 글작성 금지 / 거래 금지 공지 위반 시 거래글은 무통보 삭제됩니다. https:// 29cm .onelink.me/1080201211/k2pvd8lk CITY BUCKLE RAIN BOOTS / 3 COLORS - 감도 깊은 취향 셀렉트샵 29CM ...,"29CM,29cm",
11499942,11499942,VN83,금전거래전용게시판,"소냐레바이 반다나 브라탑, 스커트 데님핑크색상",원구,True,0,0,26.07.16,4,https://cafe.daum.net/_c21_/bbs_nsread?grpid=1IHuH&fldid=VN83&contentval=0mFewzzzzzzzzzzzzzzzzzzzzzzzzz&datanum=11499942&searchlist_uri=%2F_c21_%2Fcafesearch&search_ctx=mXHEqj36JebiwGreGfTsfveFgDz6pTFmzA9ignoh1M5AkMeEoeYLzYGdNt9uqFaf61DPXAFl2LJLM1O_-vcCbcDl.qFPPmXwg_jpAzwhBJdo7YKErihYBpamtmNeuL5LBiXdLvrlgUV1t.vaQ.EizEwm-AfmeYOMgH4eEovqoeANcvfKMBqyMEBijMJwvlvVQg3QHIPKq-TB9VDc5FJkC5Pu6ycntzRBQdEho1DilHhmIaS4cgRowj61ukpyr98fbi9aPndXkZCKA7xmCDsqHj9Zj6S6bGa.pUUEsBBbkSXw2H4ImRQbow00,신규 가입 관련 [삽니다] 글작성 금지 / 거래 금지 공지 위반 시 거래글은 무통보 삭제됩니다. https:// 29cm .onelink.me/1080201211/5p7owh46 반다나 브라탑_데님핑크 - 감도 깊은 취향 셀렉트샵 29CM 소냐레바이...,"29CM,29cm",
11499937,11499937,VN83,금전거래전용게시판,소울즈컬러 Cindy Halter Top 새상품,원구,True,0,0,26.07.16,7,https://cafe.daum.net/_c21_/bbs_nsread?grpid=1IHuH&fldid=VN83&contentval=0mFerzzzzzzzzzzzzzzzzzzzzzzzzz&datanum=11499937&searchlist_uri=%2F_c21_%2Fcafesearch&search_ctx=mXHEqj36JebiwGreGfTsfveFgDz6pTFmzA9ignoh1M5AkMeEoeYLzYGdNt9uqFaf61DPXAFl2LJLM1O_-vcCbcDl.qFPPmXwg_jpAzwhBJdo7YKErihYBpamtmNeuL5LBiXdLvrlgUV1t.vaQ.EizEwm-AfmeYOMgH4eEovqoeANcvfKMBqyMJgOt5p.Nf5tSVYYywj7EziefrQtdgrDW5t2pM4V-8-..WEn544cOOO361JSq-fmDaumrGTMkQAIkO-SRjDkIhmc3OLV9kF5tMLJQfJNpeCSykaj5lH7SwFS_UKaWxwDbhgbIe1yVXbG3mNAPhCb6NLKAs5ih3ZZujOrWCBMg3_9,"https://applink.a-bly.com/umlgtj [MADE] Cindy Halter Top (6color) 패션부터 뷰티까지, 에이블리 한 곳에서 스타일의 모든 것을 쇼핑하세요! applink.a-bly.com 링크 참고해주세용 다크그레이 시착만 해본 새...",에이블리,
11499927,11499927,VN83,금전거래전용게시판,아이폰16 프로 폰 케이스 새상품 일괄,원구,True,0,0,26.07.16,9,https://cafe.daum.net/_c21_/bbs_nsread?grpid=1IHuH&fldid=VN83&contentval=0mFehzzzzzzzzzzzzzzzzzzzzzzzzz&datanum=11499927&searchlist_uri=%2F_c21_%2Fcafesearch&search_ctx=mXHEqj36JebiwGreGfTsfveFgDz6pTFmzA9ignoh1M5AkMeEoeYLzYGdNt9uqFaf61DPXAFl2LJLM1O_-vcCbcDl.qFPPmXwg_jpAzwhBJdo7YKErihYBpamtmNeuL5LBiXdLvrlgUV1t.vaQ.EizEwm-AfmeYOMgH4eEovqoeANcvfKMBqyMJgOt5p.Nf5tSVYYywj7EziefrQtdgrDW5t2pM4V-8-..WEn544cOOO361JSq-fmDaumrGTMkQAIkO-SRjDkIhmc3OLV9kF5tMLJQfJNpeCSykaj5lH7SwFS_UKaWxwDbhgbIe1yVXbG3mNAPhCb6NLKAs5ih3ZZujOrWCBMg3_9,"모둠 모음(폰케이스 아이폰14 s23 a32 a33 a53 a23 z플립5 젤리케이스 갤럭시 에 패션부터 뷰티까지, 에이블리 한 곳에서 스타일의 모든 것을 쇼핑하세요! applink.a-bly.com 토마토 케이스 https://applink...",에이블리,
11499863,11499863,VN83,금전거래전용게시판,무신사 최저가 구합니다,도리곰옷,False,0,10,26.07.16,10,https://cafe.daum.net/_c21_/bbs_nsread?grpid=1IHuH&fldid=VN83&contentval=0mFdfzzzzzzzzzzzzzzzzzzzzzzzzz&datanum=11499863&searchlist_uri=%2F_c21_%2Fcafesearch&search_ctx=mXHEqj36JebiwGreGfTsfveFgDz6pTFmzA9ignoh1M5AkMeEoeYLzYGdNt9uqFaf61DPXAFl2LJLM1O_-vcCbcDl.qFPPmXwg_jpAzwhBJdo7YKErihYBpamtmNeuL5LBiXdLvrlgUV1t.vaQ.EizEwm-AfmeYOMgH4eEovqoeANcvfKMBqyMN3tb.XbvyfHxvkziWpKuDX-nxAKllWaHZoyfw3aPTVFjqxiheaBNsTRbBBHz79WceLO6S_N1__3BHZd_nqeeblowsZ6TLuFRtZ1GKONBgeda75-JcxOu1Z5.uxv6HSMIbw34p6Fy49blvCfpKRQZu50,onelink.me/PvkC/tsabj1ol 에잇세컨즈(8SECONDS) 체크 슬리브 롤업 반팔 셔츠 카키 - 사이즈 & 후기 | 무신사 제품분류 :상의 &gt; 셔츠/블라우스 브랜드 : 에잇세컨즈(8SECONDS) 제품번호 : 456665SC2H 제품...,무신사,
11499774,11499774,VN83,금전거래전용게시판,조이조이 지그재그 아이스티카 찰랑 인밴딩 데일리 스냅버튼 투웨이 청바지 썸머 베이직 와이드 롱 데님 팬츠,001122,True,0,0,26.07.16,12,https://cafe.daum.net/_c21_/bbs_nsread?grpid=1IHuH&fldid=VN83&contentval=0mFcEzzzzzzzzzzzzzzzzzzzzzzzzz&datanum=11499774&searchlist_uri=%2F_c21_%2Fcafesearch&search_ctx=mXHEqj36JebiwGreGfTsfveFgDz6pTFmzA9ignoh1M5AkMeEoeYLzYGdNt9uqFaf61DPXAFl2LJLM1O_-vcCbcDl.qFPPmXwg_jpAzwhBJdo7YKErihYBpamtmNeuL5LBiXdLvrlgUV1t.vaQ.EizEwm-AfmeYOMgH4eEovqoeANcvfKMBqyMDcKxc5H9oEBwpH5l8dRQpQPumOS68dYVgJgbmQDW9Lcf8TuBWO3TcMb3.3GsNn8rlsp5imrZr1NKVS2Ci6ViZT7KTCViRj2KYUX22TmI5zM9noSwIJkJhFnqfs8w6G6Uv9EiMbTQd1TjZty5UzVFsD2Orgzj9Wvadi2CP1uLGoD,https://cafe.daum.net/subdued20club/WU3B/10 거래 전 공지 필수 확인 대리 구매 [팝니다] 글은 삭제된 글 포함 동일글 1일 최대 3회까지 작성 가능 * 2024/12/11 신규 공지 통신사/틱톡 라이트 신규 가입 관련...,지그재그,
11499546,11499546,VN83,금전거래전용게시판,"소프티 아일렛 링 유넥티 블랙 , 아이보리",따봉범블비,True,0,0,26.07.16,11,https://cafe.daum.net/_c21_/bbs_nsread?grpid=1IHuH&fldid=VN83&contentval=0mFYYzzzzzzzzzzzzzzzzzzzzzzzzz&datanum=11499546&searchlist_uri=%2F_c21_%2Fcafesearch&search_ctx=mXHEqj36JebiwGreGfTsfveFgDz6pTFmzA9ignoh1M5AkMeEoeYLzYGdNt9uqFaf61DPXAFl2LJLM1O_-vcCbcDl.qFPPmXwg_jpAzwhBJdo7YKErihYBpamtmNeuL5LBiXdLvrlgUV1t.vaQ.EizEwm-AfmeYOMgH4eEovqoeANcvfKMBqyMJgOt5p.Nf5tSVYYywj7EziefrQtdgrDW5t2pM4V-8-..WEn544cOOO361JSq-fmDaumrGTMkQAIkO-SRjDkIhmc3OLV9kF5tMLJQfJNpeCSykaj5lH7SwFS_UKaWxwDbhgbIe1yVXbG3mNAPhCb6NLKAs5ih3ZZujOrWCBMg3_9,"무통보 삭제됩니다. https://applink.a-bly.com/0bmzbb9 ring U neck t [3color] 패션부터 뷰티까지, 에이블리 한 곳에서 스타일의 모든 것을 쇼핑하세요! applink.a-bly.com 저에겐 너무 작은 옷이라.. 내...",에이블리,
11499538,11499538,VN83,금전거래전용게시판,"원숄더 레터링 시보리 크롭 기모 루즈 맨투맨 그레이,네이비",따봉범블비,True,0,0,26.07.16,7,https://cafe.daum.net/_c21_/bbs_nsread?grpid=1IHuH&fldid=VN83&contentval=0mFYQzzzzzzzzzzzzzzzzzzzzzzzzz&datanum=11499538&searchlist_uri=%2F_c21_%2Fcafesearch&search_ctx=mXHEqj36JebiwGreGfTsfveFgDz6pTFmzA9ignoh1M5AkMeEoeYLzYGdNt9uqFaf61DPXAFl2LJLM1O_-vcCbcDl.qFPPmXwg_jpAzwhBJdo7YKErihYBpamtmNeuL5LBiXdLvrlgUV1t.vaQ.EizEwm-AfmeYOMgH4eEovqoeANcvfKMBqyMJgOt5p.Nf5tSVYYywj7EziefrQtdgrDW5t2pM4V-8-..WEn544cOOO361JSq-fmDaumrGTMkQAIkO-SRjDkIhmc3OLV9kF5tMLJQfJNpeCSykaj5lH7SwFS_UKaWxwDbhgbIe1yVXbG3mNAPhCb6NLKAs5ih3ZZujOrWCBMg3_9,"https://applink.a-bly.com/w5z1yl [기모원단💭/잘록핏]멜드 잘록 원숄더 레터링 시보리 크롭 기모 루즈 맨투맨 4color 패션부터 뷰티까지, 에이블리 한 곳에서 스타일의 모든 것을 쇼핑하세요! applink.a-bly.com",에이블리,
11499403,11499403,VN83,금전거래전용게시판,무신사 최저가 대리구매 삽니다,미래의백수,True,0,13,26.07.16,30,https://cafe.daum.net/_c21_/bbs_nsread?grpid=1IHuH&fldid=VN83&contentval=0mFWFzzzzzzzzzzzzzzzzzzzzzzzzz&datanum=11499403&searchlist_uri=%2F_c21_%2Fcafesearch&search_ctx=mXHEqj36JebiwGreGfTsfveFgDz6pTFmzA9ignoh1M5AkMeEoeYLzYGdNt9uqFaf61DPXAFl2LJLM1O_-vcCbcDl.qFPPmXwg_jpAzwhBJdo7YKErihYBpamtmNeuL5LBiXdLvrlgUV1t.vaQ.EizEwm-AfmeYOMgH4eEovqoeANcvfKMBqyMN3tb.XbvyfHxvkziWpKuDX-nxAKllWaHZoyfw3aPTVFjqxiheaBNsTRbBBHz79WceLO6S_N1__3BHZd_nqeeblowsZ6TLuFRtZ1GKONBgeda75-JcxOu1Z5.uxv6HSMIbw34p6Fy49blvCfpKRQZu50,musinsa.onelink.me/PvkC/t5g9lvej 반스(VANS) 올드스쿨 - 블랙 / VN000D3HY281 - 사이즈 & 후기 | 무신사 제품분류 :신발 &gt; 스니커즈 브랜드 : 반스(VANS) 제품번호 : VN000D3HY281 제품 : 올드스쿨 - 블랙...,무신사,
11499251,11499251,VN83,금전거래전용게시판,새틴 리본 타이 퍼프 반팔 블라우스,해리니담,True,0,0,26.07.16,16,https://cafe.daum.net/_c21_/bbs_nsread?grpid=1IHuH&fldid=VN83&contentval=0mFTnzzzzzzzzzzzzzzzzzzzzzzzzz&datanum=11499251&searchlist_uri=%2F_c21_%2Fcafesearch&search_ctx=mXHEqj36JebiwGreGfTsfveFgDz6pTFmzA9ignoh1M5AkMeEoeYLzYGdNt9uqFaf61DPXAFl2LJLM1O_-vcCbcDl.qFPPmXwg_jpAzwhBJdo7YKErihYBpamtmNeuL5LBiXdLvrlgUV1t.vaQ.EizEwm-AfmeYOMgH4eEovqoeANcvfKMBqyMCoMeGDwDdXYh-teTp46M_r_dbbLAoOvKlGu2YwKWRBbcWs3iFjCHbGfs6EbDjqD6Hb2ovHM1aPCQvk6eG6XSgnYAKSrU2pL9hmYJtb78TZfTs28-soQSb4uKppunpPZzw00,가입 관련 [삽니다] 글작성 금지 / 거래 금지 공지 위반 시 거래글은 무통보 삭제됩니다. https://s. zigzag .kr/abr/GvJX85Wa0i 유이르무이 [2천장 돌파] 세리즈 새틴 실크 리본 타이 프릴 퍼프 반팔 블라우스 3...,zigzag,
11499044,11499044,VN83,금전거래전용게시판,무신사 대리구매 삽니다,뭐슨일인고,False,0,4,26.07.16,26,https://cafe.daum.net/_c21_/bbs_nsread?grpid=1IHuH&fldid=VN83&contentval=0mFQSzzzzzzzzzzzzzzzzzzzzzzzzz&datanum=11499044&searchlist_uri=%2F_c21_%2Fcafesearch&search_ctx=mXHEqj36JebiwGreGfTsfveFgDz6pTFmzA9ignoh1M5AkMeEoeYLzYGdNt9uqFaf61DPXAFl2LJLM1O_-vcCbcDl.qFPPmXwg_jpAzwhBJdo7YKErihYBpamtmNeuL5LBiXdLvrlgUV1t.vaQ.EizEwm-AfmeYOMgH4eEovqoeANcvfKMBqyMN3tb.XbvyfHxvkziWpKuDX-nxAKllWaHZoyfw3aPTVFjqxiheaBNsTRbBBHz79WceLO6S_N1__3BHZd_nqeeblowsZ6TLuFRtZ1GKONBgeda75-JcxOu1Z5.uxv6HSMIbw34p6Fy49blvCfpKRQZu50,PvkC/b3avf8l8 헬리녹스 웨어(HELINOX WEAR) 이클립스 라이트팩 15/20L (5 color) - 사이즈 & 후기 | 무신사 제품분류 :스포츠/레저 &gt; 가방 브랜드 : 헬리녹스 웨어(HELINOX WEAR) 제품번호 : OGBAX26101BKX...,무신사,
11499029,11499029,VN83,금전거래전용게시판,"헌터 나일론 토트백, 꼼파뇨 귀달이모자 등",디딩,True,0,0,26.07.15,26,https://cafe.daum.net/_c21_/bbs_nsread?grpid=1IHuH&fldid=VN83&contentval=0mFQDzzzzzzzzzzzzzzzzzzzzzzzzz&datanum=11499029&searchlist_uri=%2F_c21_%2Fcafesearch&search_ctx=mXHEqj36JebiwGreGfTsfveFgDz6pTFmzA9ignoh1M5AkMeEoeYLzYGdNt9uqFaf61DPXAFl2LJLM1O_-vcCbcDl.qFPPmXwg_jpAzwhBJdo7YKErihYBpamtmNeuL5LBiXdLvrlgUV1t.vaQ.EizEwm-AfmeYOMgH4eEovqoeANcvfKMBqyMEBijMJwvlvVQg3QHIPKq-TB9VDc5FJkC5Pu6ycntzRBQdEho1DilHhmIaS4cgRowj61ukpyr98fbi9aPndXkZCKA7xmCDsqHj9Zj6S6bGa.pUUEsBBbkSXw2H4ImRQbow00,"삭제됩니다. 착불가격이며, 반택 +1800 일반택배 +3500입니다. 1. 헌터 나일론 토트백 소프트샌드 새상품 29cm 에서 구매한 정품입니다. 세트인 크로스 끈도 같이 드려요. 76000원 2. 꼼파뇨 귀달이 양털모자...","29CM,29cm",
11498892,11498892,VN83,금전거래전용게시판,오찌 첼시부츠 230 새상품 택포 6.3,디딩,True,0,0,26.07.15,3,https://cafe.daum.net/_c21_/bbs_nsread?grpid=1IHuH&fldid=VN83&contentval=0mFO0zzzzzzzzzzzzzzzzzzzzzzzzz&datanum=11498892&searchlist_uri=%2F_c21_%2Fcafesearch&search_ctx=mXHEqj36JebiwGreGfTsfveFgDz6pTFmzA9ignoh1M5AkMeEoeYLzYGdNt9uqFaf61DPXAFl2LJLM1O_-vcCbcDl.qFPPmXwg_jpAzwhBJdo7YKErihYBpamtmNeuL5LBiXdLvrlgUV1t.vaQ.EizEwm-AfmeYOMgH4eEovqoeANcvfKMBqyMN3tb.XbvyfHxvkziWpKuDX-nxAKllWaHZoyfw3aPTVFjqxiheaBNsTRbBBHz79WceLO6S_N1__3BHZd_nqeeblowsZ6TLuFRtZ1GKONBgeda75-JcxOu1Z5.uxv6HSMIbw34p6Fy49blvCfpKRQZu50,주세요 https://www.musinsa.com/products/3005058 오찌(OTZ) 첼시부츠 FLOTDA1U02 - 사이즈 & 후기 | 무신사 제품분류 :신발 &gt; 부츠/워커 브랜드 : 오찌(OTZ) 제품번호 : FLOTDA1U02 제품 : 첼시부츠 FLOTDA1...,무신사,
11498795,11498795,VN83,금전거래전용게시판,무신사 대리구매 삽니다,견우와웅녀,False,0,16,26.07.15,26,https://cafe.daum.net/_c21_/bbs_nsread?grpid=1IHuH&fldid=VN83&contentval=0mFMRzzzzzzzzzzzzzzzzzzzzzzzzz&datanum=11498795&searchlist_uri=%2F_c21_%2Fcafesearch&search_ctx=mXHEqj36JebiwGreGfTsfveFgDz6pTFmzA9ignoh1M5AkMeEoeYLzYGdNt9uqFaf61DPXAFl2LJLM1O_-vcCbcDl.qFPPmXwg_jpAzwhBJdo7YKErihYBpamtmNeuL5LBiXdLvrlgUV1t.vaQ.EizEwm-AfmeYOMgH4eEovqoeANcvfKMBqyMN3tb.XbvyfHxvkziWpKuDX-nxAKllWaHZoyfw3aPTVFjqxiheaBNsTRbBBHz79WceLO6S_N1__3BHZd_nqeeblowsZ6TLuFRtZ1GKONBgeda75-JcxOu1Z5.uxv6HSMIbw34p6Fy49blvCfpKRQZu50,onelink.me/PvkC/ifrsrlzv 미나수(MENASOO) Sporty Mesh Round T Shirt_Navy - 사이즈 & 후기 | 무신사 제품분류 :상의 &gt; 긴소매 티셔츠 브랜드 : 미나수(MENASOO) 제품번호 : LST-MSH-RND-NV 제품 : Sporty...,무신사,
11498719,11498719,VN83,금전거래전용게시판,무신사 대리구매,enjwkqqoq,False,0,12,26.07.15,17,https://cafe.daum.net/_c21_/bbs_nsread?grpid=1IHuH&fldid=VN83&contentval=0mFLDzzzzzzzzzzzzzzzzzzzzzzzzz&datanum=11498719&searchlist_uri=%2F_c21_%2Fcafesearch&search_ctx=mXHEqj36JebiwGreGfTsfveFgDz6pTFmzA9ignoh1M5AkMeEoeYLzYGdNt9uqFaf61DPXAFl2LJLM1O_-vcCbcDl.qFPPmXwg_jpAzwhBJdo7YKErihYBpamtmNeuL5LBiXdLvrlgUV1t.vaQ.EizEwm-AfmeYOMgH4eEovqoeANcvfKMBqyMN3tb.XbvyfHxvkziWpKuDX-nxAKllWaHZoyfw3aPTVFjqxiheaBNsTRbBBHz79WceLO6S_N1__3BHZd_nqeeblowsZ6TLuFRtZ1GKONBgeda75-JcxOu1Z5.uxv6HSMIbw34p6Fy49blvCfpKRQZu50,onelink.me/PvkC/pm55uuyv 몽돌(MONGDOL) 나일론 폴딩 더플 백 MDBG010_2 Colors - 사이즈 & 후기 | 무신사 제품분류 :가방 &gt; 숄더백 브랜드 : 몽돌(MONGDOL) 제품번호 : MDBG010 제품 : 나일론 폴딩 더플 백...,무신사,
11498377,11498377,VN83,금전거래전용게시판,지그재그 최저가 구해요,곳된모양이,False,0,10,26.07.15,13,https://cafe.daum.net/_c21_/bbs_nsread?grpid=1IHuH&fldid=VN83&contentval=0mFFhzzzzzzzzzzzzzzzzzzzzzzzzz&datanum=11498377&searchlist_uri=%2F_c21_%2Fcafesearch&search_ctx=mXHEqj36JebiwGreGfTsfveFgDz6pTFmzA9ignoh1M5AkMeEoeYLzYGdNt9uqFaf61DPXAFl2LJLM1O_-vcCbcDl.qFPPmXwg_jpAzwhBJdo7YKErihYBpamtmNeuL5LBiXdLvrlgUV1t.vaQ.EizEwm-AfmeYOMgH4eEovqoeANcvfKMBqyMDcKxc5H9oEBwpH5l8dRQpQPumOS68dYVgJgbmQDW9Lcf8TuBWO3TcMb3.3GsNn8rlsp5imrZr1NKVS2Ci6ViZT7KTCViRj2KYUX22TmI5zM9noSwIJkJhFnqfs8w6G6Uv9EiMbTQd1TjZty5UzVFsD2Orgzj9Wvadi2CP1uLGoD,https://cafe.daum.net/subdued20club/WU3B/10 거래 전 공지 필수 확인 대리 구매 [팝니다] 글은 삭제된 글 포함 동일글 1일 최대 3회까지 작성 가능 * 2024/12/11 신규 공지 통신사/틱톡 라이트 신규 가입 관련...,"zigzag,지그재그",
11498267,11498267,VN83,금전거래전용게시판,무신사 대리구매 구해요,곳된모양이,False,0,17,26.07.15,26,https://cafe.daum.net/_c21_/bbs_nsread?grpid=1IHuH&fldid=VN83&contentval=0mFDvzzzzzzzzzzzzzzzzzzzzzzzzz&datanum=11498267&searchlist_uri=%2F_c21_%2Fcafesearch&search_ctx=mXHEqj36JebiwGreGfTsfveFgDz6pTFmzA9ignoh1M5AkMeEoeYLzYGdNt9uqFaf61DPXAFl2LJLM1O_-vcCbcDl.qFPPmXwg_jpAzwhBJdo7YKErihYBpamtmNeuL5L98XW3zj7ZfMgeHq-n4-5pfWG_LfSaA_3Bv9vZS1fTjzJO1hZtgtDZ4TJHdFvwJpSyyw_w-fWGtKre4_Ov6ZcPlSAmPkXi52WWqYqVxBsMk_ZMPs.WFkOC-MRcHGKaOc1mCxLlZgDSSjFiCehjMZ6XfDjJBWd5IFBbe_EDzLVl8fCcgtqJgKAIwvlcqvFgj3rPzInTPuwSMI0,me/PvkC/n9ik4c94 아캄(AAKAM) 98 Printed Knee Pin-tuck Denim Pants (Blue) - 사이즈 & 후기 | 무신사 제품분류 :바지 &gt; 데님 팬츠 브랜드 : 아캄(AAKAM) 제품번호 : AK24PT21BL 제품 : 98 Printed Knee Pin...,무신사,
11497941,11497941,VN83,금전거래전용게시판,앤유브라운 마가렛 원피스 3만원,07:22,True,0,0,26.07.15,17,https://cafe.daum.net/_c21_/bbs_nsread?grpid=1IHuH&fldid=VN83&contentval=0mF8fzzzzzzzzzzzzzzzzzzzzzzzzz&datanum=11497941&searchlist_uri=%2F_c21_%2Fcafesearch&search_ctx=mXHEqj36JebiwGreGfTsfveFgDz6pTFmzA9ignoh1M5AkMeEoeYLzYGdNt9uqFaf61DPXAFl2LJLM1O_-vcCbcDl.qFPPmXwg_jpAzwhBJdo7YKErihYBpamtmNeuL5LBiXdLvrlgUV1t.vaQ.EizEwm-AfmeYOMgH4eEovqoeANcvfKMBqyMCoMeGDwDdXYh-teTp46M_r_dbbLAoOvKlGu2YwKWRBbcWs3iFjCHbGfs6EbDjqD6Hb2ovHM1aPCQvk6eG6XSgnYAKSrU2pL9hmYJtb78TZfTs28-soQSb4uKppunpPZzw00,위반 시 거래글은 무통보 삭제됩니다. 아이보리 색은 1번 검정색은 2번 착용 후 세탁하고 보관 중입니다. 블랙 3만원 아이보리 3만원 +반값택배 1800 일반택배 3500 https:// zigzag .kr/catalog/products/141914091,zigzag,
11497691,11497691,VN83,금전거래전용게시판,에블린 심리스 쿨메쉬 브라렛,디헹,True,0,0,26.07.15,30,https://cafe.daum.net/_c21_/bbs_nsread?grpid=1IHuH&fldid=VN83&contentval=0mF4dzzzzzzzzzzzzzzzzzzzzzzzzz&datanum=11497691&searchlist_uri=%2F_c21_%2Fcafesearch&search_ctx=mXHEqj36JebiwGreGfTsfveFgDz6pTFmzA9ignoh1M5AkMeEoeYLzYGdNt9uqFaf61DPXAFl2LJLM1O_-vcCbcDl.qFPPmXwg_jpAzwhBJdo7YKErihYBpamtmNeuL5LBiXdLvrlgUV1t.vaQ.EizEwm-AfmeYOMgH4eEovqoeANcvfKMBqyMDcKxc5H9oEBwpH5l8dRQpQPumOS68dYVgJgbmQDW9Lcf8TuBWO3TcMb3.3GsNn8rlsp5imrZr1NKVS2Ci6ViZT7KTCViRj2KYUX22TmI5zM9noSwIJkJhFnqfs8w6G6Uv9EiMbTQd1TjZty5UzVFsD2Orgzj9Wvadi2CP1uLGoD,라이트 신규 가입 관련 [삽니다] 글작성 금지 / 거래 금지 공지 위반 시 거래글은 무통보 삭제됩니다. 지그재그 랭킹 상위권 제품으로 리뷰 1만 개 이상인 인기 브라예요! 평소 A컵인데 착용했을 때 가슴을...,지그재그,
11497690,11497690,VN83,금전거래전용게시판,케이클럽 나일론 슬릿 롱 스커트(급처),디헹,True,0,8,26.07.15,35,https://cafe.daum.net/_c21_/bbs_nsread?grpid=1IHuH&fldid=VN83&contentval=0mF4czzzzzzzzzzzzzzzzzzzzzzzzz&datanum=11497690&searchlist_uri=%2F_c21_%2Fcafesearch&search_ctx=mXHEqj36JebiwGreGfTsfveFgDz6pTFmzA9ignoh1M5AkMeEoeYLzYGdNt9uqFaf61DPXAFl2LJLM1O_-vcCbcDl.qFPPmXwg_jpAzwhBJdo7YKErihYBpamtmNeuL5LBiXdLvrlgUV1t.vaQ.EizEwm-AfmeYOMgH4eEovqoeANcvfKMBqyMDcKxc5H9oEBwpH5l8dRQpQPumOS68dYVgJgbmQDW9Lcf8TuBWO3TcMb3.3GsNn8rlsp5imrZr1NKVS2Ci6ViZT7KTCViRj2KYUX22TmI5zM9noSwIJkJhFnqfs8w6G6Uv9EiMbTQd1TjZty5UzVFsD2Orgzj9Wvadi2CP1uLGoD,"삭제됩니다. 바스락거리는 재질이고 체형커버 좋아요 👍🏻 생각보다 롱치마에 손이 잘 안가서 판매해요~! ✔️ 사이즈: M ✔️ 상태: 실착 1회, 하자x, 거의 새 옷 자새한 후기는 지그재그 참고해주세요! 반택 0.7 판매...",지그재그,
11497621,11497621,VN83,금전거래전용게시판,지그재그 체크미디스커트 시착제품 7천원,닉초초초초링,True,0,0,26.07.14,46,https://cafe.daum.net/_c21_/bbs_nsread?grpid=1IHuH&fldid=VN83&contentval=0mF3Vzzzzzzzzzzzzzzzzzzzzzzzzz&datanum=11497621&searchlist_uri=%2F_c21_%2Fcafesearch&search_ctx=mXHEqj36JebiwGreGfTsfveFgDz6pTFmzA9ignoh1M5AkMeEoeYLzYGdNt9uqFaf61DPXAFl2LJLM1O_-vcCbcDl.qFPPmXwg_jpAzwhBJdo7YKErihYBpamtmNeuL5LBiXdLvrlgUV1t.vaQ.EizEwm-AfmeYOMgH4eEovqoeANcvfKMBqyMDcKxc5H9oEBwpH5l8dRQpQPumOS68dYVgJgbmQDW9Lcf8TuBWO3TcMb3.3GsNn8rlsp5imrZr1NKVS2Ci6ViZT7KTCViRj2KYUX22TmI5zM9noSwIJkJhFnqfs8w6G6Uv9EiMbTQd1TjZty5UzVFsD2Orgzj9Wvadi2CP1uLGoD,https://cafe.daum.net/subdued20club/WU3B/10 거래 전 공지 필수 확인 대리 구매 [팝니다] 글은 삭제된 글 포함 동일글 1일 최대 3회까지 작성 가능 * 2024/12/11 신규 공지 통신사/틱톡 라이트 신규 가입 관련...,지그재그,
11497282,11497282,VN83,금전거래전용게시판,조이조이 지그재그 아이스티카 찰랑 인밴딩 데일리 스냅버튼 투웨이 청바지 썸머 베이직 와이드 롱 데님 팬츠,001122,True,0,0,26.07.14,16,https://cafe.daum.net/_c21_/bbs_nsread?grpid=1IHuH&fldid=VN83&contentval=0mEy2zzzzzzzzzzzzzzzzzzzzzzzzz&datanum=11497282&searchlist_uri=%2F_c21_%2Fcafesearch&search_ctx=mXHEqj36JebiwGreGfTsfveFgDz6pTFmzA9ignoh1M5AkMeEoeYLzYGdNt9uqFaf61DPXAFl2LJLM1O_-vcCbcDl.qFPPmXwg_jpAzwhBJdo7YKErihYBpamtmNeuL5LBiXdLvrlgUV1t.vaQ.EizEwm-AfmeYOMgH4eEovqoeANcvfKMBqyMDcKxc5H9oEBwpH5l8dRQpQPumOS68dYVgJgbmQDW9Lcf8TuBWO3TcMb3.3GsNn8rlsp5imrZr1NKVS2Ci6ViZT7KTCViRj2KYUX22TmI5zM9noSwIJkJhFnqfs8w6G6Uv9EiMbTQd1TjZty5UzVFsD2Orgzj9Wvadi2CP1uLGoD,https://cafe.daum.net/subdued20club/WU3B/10 거래 전 공지 필수 확인 대리 구매 [팝니다] 글은 삭제된 글 포함 동일글 1일 최대 3회까지 작성 가능 * 2024/12/11 신규 공지 통신사/틱톡 라이트 신규 가입 관련...,지그재그,
11497223,11497223,VN83,금전거래전용게시판,당당걸 리치무드 이블렛 여름옷 정리 전부 만원대 빅사이즈,핫핏챱추,True,0,0,26.07.14,121,https://cafe.daum.net/_c21_/bbs_nsread?grpid=1IHuH&fldid=VN83&contentval=0mEx5zzzzzzzzzzzzzzzzzzzzzzzzz&datanum=11497223&searchlist_uri=%2F_c21_%2Fcafesearch&search_ctx=mXHEqj36JebiwGreGfTsfveFgDz6pTFmzA9ignoh1M5AkMeEoeYLzYGdNt9uqFaf61DPXAFl2LJLM1O_-vcCbcDl.qFPPmXwg_jpAzwhBJdo7YKErihYBpamtmNeuL5LBiXdLvrlgUV1t.vaQ.EizEwm-AfmeYOMgH4eEovqoeANcvfKMBqyMCoMeGDwDdXYh-teTp46M_r_dbbLAoOvKlGu2YwKWRBbcWs3iFjCHbGfs6EbDjqD6Hb2ovHM1aPCQvk6eG6XSgnYAKSrU2pL9hmYJtb78TZfTs28-soQSb4uKppunpPZzw00,MADE] 빅사이즈 55-110 에스 시스루 스트라이프 오버핏 긴팔 셔츠 남방 살안타템 휴양지 룩 https://s. zigzag .kr/0i0wYV8zwF 당당걸 [MADE] 빅사이즈 55-110 에스 시스루 스트라이프 오버핏 긴팔 셔츠 남방 살...,zigzag,
11496784,11496784,VN83,금전거래전용게시판,29 센치 대리구매 구합니다~,남나무,False,0,15,26.07.14,15,https://cafe.daum.net/_c21_/bbs_nsread?grpid=1IHuH&fldid=VN83&contentval=0mEq0zzzzzzzzzzzzzzzzzzzzzzzzz&datanum=11496784&searchlist_uri=%2F_c21_%2Fcafesearch&search_ctx=mXHEqj36JebiwGreGfTsfveFgDz6pTFmzA9ignoh1M5AkMeEoeYLzYGdNt9uqFaf61DPXAFl2LJLM1O_-vcCbcDl.qFPPmXwg_jpAzwhBJdo7YKErihYBpamtmNeuL5LBiXdLvrlgUV1t.vaQ.EizEwm-AfmeYOMgH4eEovqoeANcvfKMBqyMEBijMJwvlvVQg3QHIPKq-TB9VDc5FJkC5Pu6ycntzRBQdEho1DilHhmIaS4cgRowj61ukpyr98fbi9aPndXkZCKA7xmCDsqHj9Zj6S6bGa.pUUEsBBbkSXw2H4ImRQbow00,라이트 신규 가입 관련 [삽니다] 글작성 금지 / 거래 금지 공지 위반 시 거래글은 무통보 삭제됩니다. https:// 29cm .onelink.me/1080201211/o7ys0h4o [상미 PICK] 듀공백 S - 베이지 - 감도 깊은 취향 셀렉트샵...,"29CM,29cm",
11496765,11496765,VN83,금전거래전용게시판,아수라 아일렛 원숄더 티 5.9 -＞ 3.5,아아오이쉬에,True,0,0,26.07.14,19,https://cafe.daum.net/_c21_/bbs_nsread?grpid=1IHuH&fldid=VN83&contentval=0mEphzzzzzzzzzzzzzzzzzzzzzzzzz&datanum=11496765&searchlist_uri=%2F_c21_%2Fcafesearch&search_ctx=mXHEqj36JebiwGreGfTsfveFgDz6pTFmzA9ignoh1M5AkMeEoeYLzYGdNt9uqFaf61DPXAFl2LJLM1O_-vcCbcDl.qFPPmXwg_jpAzwhBJdo7YKErihYBpamtmNeuL5L98XW3zj7ZfMgeHq-n4-5pfWG_LfSaA_3Bv9vZS1fTjzJO1hZtgtDZ4TJHdFvwJpSyyw_w-fWGtKre4_Ov6ZcPlSAmPkXi52WWqYqVxBsMk_ZMPs.WFkOC-MRcHGKaOc1mCxLlZgDSSjFiCehjMZ6XfDjJBWd5IFBbe_EDzLVl8fCcgtqJgKAIwvlcqvFgj3rPzInTPuwSMI0,musinsa.onelink.me/PvkC/bpss2n61 아수라(ASURA) EYELET ONE SHOULDER T (IVORY) - 사이즈 & 후기 | 무신사 제품분류 :상의 &gt; 반소매 티셔츠 브랜드 : 아수라(ASURA) 제품번호 : A25SSTS31IV0F 제품 : EYELET...,무신사,
11496627,11496627,VN83,금전거래전용게시판,29cm 최저가 구해요,허버허버허버칩,False,0,0,26.07.14,7,https://cafe.daum.net/_c21_/bbs_nsread?grpid=1IHuH&fldid=VN83&contentval=0mEnTzzzzzzzzzzzzzzzzzzzzzzzzz&datanum=11496627&searchlist_uri=%2F_c21_%2Fcafesearch&search_ctx=mXHEqj36JebiwGreGfTsfveFgDz6pTFmzA9ignoh1M5AkMeEoeYLzYGdNt9uqFaf61DPXAFl2LJLM1O_-vcCbcDl.qFPPmXwg_jpAzwhBJdo7YKErihYBpamtmNeuL5LBiXdLvrlgUV1t.vaQ.EizEwm-AfmeYOMgH4eEovqoeANcvfKMBqyMEBijMJwvlvVQg3QHIPKq-TB9VDc5FJkC5Pu6ycntzRBQdEho1DilHhmIaS4cgRowj61ukpyr98fbi9aPndXkZCKA7xmCDsqHj9Zj6S6bGa.pUUEsBBbkSXw2H4ImRQbow00,최대 3회까지 작성 가능 * 2024/12/11 신규 공지 통신사/틱톡 라이트 신규 가입 관련 [삽니다] 글작성 금지 / 거래 금지 공지 위반 시 거래글은 무통보 삭제됩니다. https:// 29cm .onelink.me/1080201211/mi7jua42,"29CM,29cm",
11496566,11496566,VN83,금전거래전용게시판,판완,김복보,True,0,0,26.07.14,10,https://cafe.daum.net/_c21_/bbs_nsread?grpid=1IHuH&fldid=VN83&contentval=0mEmUzzzzzzzzzzzzzzzzzzzzzzzzz&datanum=11496566&searchlist_uri=%2F_c21_%2Fcafesearch&search_ctx=mXHEqj36JebiwGreGfTsfveFgDz6pTFmzA9ignoh1M5AkMeEoeYLzYGdNt9uqFaf61DPXAFl2LJLM1O_-vcCbcDl.qFPPmXwg_jpAzwhBJdo7YKErihYBpamtmNeuL5L98XW3zj7ZfMgeHq-n4-5pfWG_LfSaA_3Bv9vZS1fTjzJO1hZtgtDZ4TJHdFvwJpSyyw_w-fWGtKre4_Ov6ZcPlSAmPkXi52WWqYqVxBsMk_ZMPs.WFkOC-MRcHGKaOc1mCxLlZgDSSjFiCehjMZ6XfDjJBWd5IFBbe_EDzLVl8fCcgtqJgKAIwvlcqvFgj3rPzInTPuwSMI0,"라이트 신규 가입 관련 [삽니다] 글작성 금지 / 거래 금지 공지 위반 시 거래글은 무통보 삭제됩니다. 무신사 머니 2만원 상품권 판매합니다.2장 보유하고 있는데 개별&일괄 가능해요.개별 구매시 - 19,000원2...",무신사,
11496412,11496412,VN83,금전거래전용게시판,"투아모트(현 포지트) 켈리 울 100% 코트 베이지 (운포 75,000)",다잘될거야^^7,True,0,0,26.07.13,30,https://cafe.daum.net/_c21_/bbs_nsread?grpid=1IHuH&fldid=VN83&contentval=0mEk0zzzzzzzzzzzzzzzzzzzzzzzzz&datanum=11496412&searchlist_uri=%2F_c21_%2Fcafesearch&search_ctx=mXHEqj36JebiwGreGfTsfveFgDz6pTFmzA9ignoh1M5AkMeEoeYLzYGdNt9uqFaf61DPXAFl2LJLM1O_-vcCbcDl.qFPPmXwg_jpAzwhBJdo7YKErihYBpamtmNeuL5LBiXdLvrlgUV1t.vaQ.EizEwm-AfmeYOMgH4eEovqoeANcvfKMBqyMEBijMJwvlvVQg3QHIPKq-TB9VDc5FJkC5Pu6ycntzRBQdEho1DilHhmIaS4cgRowj61ukpyr98fbi9aPndXkZCKA7xmCDsqHj9Zj6S6bGa.pUUEsBBbkSXw2H4ImRQbow00,"글작성 금지 / 거래 금지 공지 위반 시 거래글은 무통보 삭제됩니다. 운포 75,000원에 판매해요! 24년 초 29cm 에서 구매한 제품입니다. (정가 358,000원) 2회 착용했고 전체적으로 상태 최상입니다. ** 오른쪽...","29CM,29cm",
11496388,11496388,VN83,금전거래전용게시판,29 센치 대리구매 구합니다,남나무,False,0,0,26.07.13,9,https://cafe.daum.net/_c21_/bbs_nsread?grpid=1IHuH&fldid=VN83&contentval=0mEjczzzzzzzzzzzzzzzzzzzzzzzzz&datanum=11496388&searchlist_uri=%2F_c21_%2Fcafesearch&search_ctx=mXHEqj36JebiwGreGfTsfveFgDz6pTFmzA9ignoh1M5AkMeEoeYLzYGdNt9uqFaf61DPXAFl2LJLM1O_-vcCbcDl.qFPPmXwg_jpAzwhBJdo7YKErihYBpamtmNeuL5LBiXdLvrlgUV1t.vaQ.EizEwm-AfmeYOMgH4eEovqoeANcvfKMBqyMEBijMJwvlvVQg3QHIPKq-TB9VDc5FJkC5Pu6ycntzRBQdEho1DilHhmIaS4cgRowj61ukpyr98fbi9aPndXkZCKA7xmCDsqHj9Zj6S6bGa.pUUEsBBbkSXw2H4ImRQbow00,라이트 신규 가입 관련 [삽니다] 글작성 금지 / 거래 금지 공지 위반 시 거래글은 무통보 삭제됩니다. https:// 29cm .onelink.me/1080201211/o7ys0h4o [상미 PICK] 듀공백 S - 베이지 - 감도 깊은 취향 셀렉트샵...,"29CM,29cm",
11496220,11496220,VN83,금전거래전용게시판,지그재그 살안타템 타야프릴리본블라우스 7천원,닉초초초초링,True,0,0,26.07.13,59,https://cafe.daum.net/_c21_/bbs_nsread?grpid=1IHuH&fldid=VN83&contentval=0mEguzzzzzzzzzzzzzzzzzzzzzzzzz&datanum=11496220&searchlist_uri=%2F_c21_%2Fcafesearch&search_ctx=mXHEqj36JebiwGreGfTsfveFgDz6pTFmzA9ignoh1M5AkMeEoeYLzYGdNt9uqFaf61DPXAFl2LJLM1O_-vcCbcDl.qFPPmXwg_jpAzwhBJdo7YKErihYBpamtmNeuL5L98XW3zj7ZfMgeHq-n4-5pfWG_LfSaA_3Bv9vZS1fTjzJO1hZtgtDZ_bBKotIrUri2h_Js41DfOYQc-e54RJcswg9PDEPR8I.QBVSaUvnpYQPokboHK35JBnqQLkol7iyfTTaVMg97_b6zI2-RkYTr1FAqYtDgVjt5x6NKV-jJFpuiO3AJHyrhoDphaVUwJG6Tk-LKxsIWrgxsTrf1.fFCDYq-P9GcY1t,https://cafe.daum.net/subdued20club/WU3B/10 거래 전 공지 필수 확인 대리 구매 [팝니다] 글은 삭제된 글 포함 동일글 1일 최대 3회까지 작성 가능 * 2024/12/11 신규 공지 통신사/틱톡 라이트 신규 가입 관련...,지그재그,
11496197,11496197,VN83,금전거래전용게시판,드래곤디퓨전 호보백 화이트 (새상품),또로로리둥둥,True,0,0,26.07.13,55,https://cafe.daum.net/_c21_/bbs_nsread?grpid=1IHuH&fldid=VN83&contentval=0mEgXzzzzzzzzzzzzzzzzzzzzzzzzz&datanum=11496197&searchlist_uri=%2F_c21_%2Fcafesearch&search_ctx=mXHEqj36JebiwGreGfTsfveFgDz6pTFmzA9ignoh1M5AkMeEoeYLzYGdNt9uqFaf61DPXAFl2LJLM1O_-vcCbcDl.qFPPmXwg_jpAzwhBJdo7YKErihYBpamtmNeuL5L98XW3zj7ZfMgeHq-n4-5pfWG_LfSaA_3Bv9vZS1fTjzJO1hZtgtDZwMe9GB.MX1_1ahKiLV9p1qZvqF7-tX1qABXBmNnIxw1ym4GBeCMcicvmc36wDjEFFpAbm.NJjO.VsukMtIKxGjnNaO1xCKGmF_fAyRXRH9Zzy5LlKufPLd_bVXMF6xrHA00,작성 금지 / 거래 금지 공지 위반 시 거래글은 무통보 삭제됩니다. 드래곤디퓨전 호보백 화이트 색상입니다 29cm 에서 구매했고 택 보시면 아시겠지만 시착만 해보고 한번도 들지 않은 새상품입니다! 비닐만...,"29CM,29cm",
11496189,11496189,VN83,금전거래전용게시판,삼성 무신사 카드있으신분 댓글부탁해요 !,안되면 질질짜라,False,0,2,26.07.13,23,https://cafe.daum.net/_c21_/bbs_nsread?grpid=1IHuH&fldid=VN83&contentval=0mEgPzzzzzzzzzzzzzzzzzzzzzzzzz&datanum=11496189&searchlist_uri=%2F_c21_%2Fcafesearch&search_ctx=mXHEqj36JebiwGreGfTsfveFgDz6pTFmzA9ignoh1M5AkMeEoeYLzYGdNt9uqFaf61DPXAFl2LJLM1O_-vcCbcDl.qFPPmXwg_jpAzwhBJdo7YKErihYBpamtmNeuL5LMdHHvMDZ-3VrCb6AaJRm4A9EVBBhvujCcGvOa9-Mrqa6Mef8qDUJnVZnD9GmPK8NN8ySEWPhm3.yPoGyeUqK6t3cg2WL1yYOE3aFKB2PhzvyNB_EwY2Uv6LeBNyYvhkpnfbqM44.PhN.U9ydzA.pM9VRdd4lelB.V_St.PUOvg.448A-NCL-Ncsjg7y-xPI9Pe3-EWM2TT50,https://cafe.daum.net/subdued20club/WU3B/10 거래 전 공지 필수 확인 대리 구매 [팝니다] 글은 삭제된 글 포함 동일글 1일 최대 3회까지 작성 가능 * 2024/12/11 신규 공지 통신사/틱톡 라이트 신규 가입 관련...,무신사,
11496116,11496116,VN83,금전거래전용게시판,무신사 최저가 구해요,냠냐미냠나,False,0,0,26.07.13,29,https://cafe.daum.net/_c21_/bbs_nsread?grpid=1IHuH&fldid=VN83&contentval=0mEfEzzzzzzzzzzzzzzzzzzzzzzzzz&datanum=11496116&searchlist_uri=%2F_c21_%2Fcafesearch&search_ctx=mXHEqj36JebiwGreGfTsfveFgDz6pTFmzA9ignoh1M5AkMeEoeYLzYGdNt9uqFaf61DPXAFl2LJLM1O_-vcCbcDl.qFPPmXwg_jpAzwhBJdo7YKErihYBpamtmNeuL5LMdHHvMDZ-3VrCb6AaJRm4A9EVBBhvujCcGvOa9-Mrqa6Mef8qDUJnVZnD9GmPK8NN8ySEWPhm3.yPoGyeUqK6t3cg2WL1yYOE3aFKB2PhzvyNB_EwY2Uv6LeBNyYvhkpnfbqM44.PhN.U9ydzA.pM9VRdd4lelB.V_St.PUOvg.448A-NCL-Ncsjg7y-xPI9Pe3-EWM2TT50,onelink.me/PvkC/ax6q1kjd 잔스포츠(JANSPORT) 슈퍼브레이크 플러스 랩탑 BLACK - 사이즈 & 후기 | 무신사 제품분류 :가방 &gt; 백팩 브랜드 : 잔스포츠(JANSPORT) 제품번호 : JSPU261MBBP014BK 제품 : 슈퍼...,무신사,
11496071,11496071,VN83,금전거래전용게시판,무신사 최저가 대리구매 구해요,빠삭빠삭한과자,False,0,0,26.07.13,18,https://cafe.daum.net/_c21_/bbs_nsread?grpid=1IHuH&fldid=VN83&contentval=0mEeVzzzzzzzzzzzzzzzzzzzzzzzzz&datanum=11496071&searchlist_uri=%2F_c21_%2Fcafesearch&search_ctx=mXHEqj36JebiwGreGfTsfveFgDz6pTFmzA9ignoh1M5AkMeEoeYLzYGdNt9uqFaf61DPXAFl2LJLM1O_-vcCbcDl.qFPPmXwg_jpAzwhBJdo7YKErihYBpamtmNeuL5LMdHHvMDZ-3VrCb6AaJRm4A9EVBBhvujCcGvOa9-Mrqa6Mef8qDUJnVZnD9GmPK8NN8ySEWPhm3.yPoGyeUqK6t3cg2WL1yYOE3aFKB2PhzvyNB_EwY2Uv6LeBNyYvhkpnfbqM44.PhN.U9ydzA.pM9VRdd4lelB.V_St.PUOvg.448A-NCL-Ncsjg7y-xPI9Pe3-EWM2TT50,https://cafe.daum.net/subdued20club/WU3B/10 거래 전 공지 필수 확인 대리 구매 [팝니다] 글은 삭제된 글 포함 동일글 1일 최대 3회까지 작성 가능 * 2024/12/11 신규 공지 통신사/틱톡 라이트 신규 가입 관련...,무신사,
11495798,11495798,VN83,금전거래전용게시판,무신사 스탠다드 와이드 카펜터 팬츠 베이지 24,최 마루,True,0,0,26.07.13,11,https://cafe.daum.net/_c21_/bbs_nsread?grpid=1IHuH&fldid=VN83&contentval=0mEa6zzzzzzzzzzzzzzzzzzzzzzzzz&datanum=11495798&searchlist_uri=%2F_c21_%2Fcafesearch&search_ctx=mXHEqj36JebiwGreGfTsfveFgDz6pTFmzA9ignoh1M5AkMeEoeYLzYGdNt9uqFaf61DPXAFl2LJLM1O_-vcCbcDl.qFPPmXwg_jpAzwhBJdo7YKErihYBpamtmNeuL5LMdHHvMDZ-3VrCb6AaJRm4A9EVBBhvujCcGvOa9-Mrqa6Mef8qDUJnVZnD9GmPK8NN8ySEWPhm3.yPoGyeUqK6t3cg2WL1yYOE3aFKB2PhzvyNB_EwY2Uv6LeBNyYvhkpnfbqM44.PhN.U9ydzA.pM9VRdd4lelB.V_St.PUOvg.448A-NCL-Ncsjg7y-xPI9Pe3-EWM2TT50,https://cafe.daum.net/subdued20club/WU3B/10 거래 전 공지 필수 확인 대리 구매 [팝니다] 글은 삭제된 글 포함 동일글 1일 최대 3회까지 작성 가능 * 2024/12/11 신규 공지 통신사/틱톡 라이트 신규 가입 관련...,무신사,
11495676,11495676,VN83,금전거래전용게시판,무신사 스탠다드 파라슈트 팬츠 크림,주난나,True,0,0,26.07.13,22,https://cafe.daum.net/_c21_/bbs_nsread?grpid=1IHuH&fldid=VN83&contentval=0mEY8zzzzzzzzzzzzzzzzzzzzzzzzz&datanum=11495676&searchlist_uri=%2F_c21_%2Fcafesearch&search_ctx=mXHEqj36JebiwGreGfTsfveFgDz6pTFmzA9ignoh1M5AkMeEoeYLzYGdNt9uqFaf61DPXAFl2LJLM1O_-vcCbcDl.qFPPmXwg_jpAzwhBJdo7YKErihYBpamtmNeuL5LMdHHvMDZ-3VrCb6AaJRm4A9EVBBhvujCcGvOa9-Mrqa6Mef8qDUJnVZnD9GmPK8NN8ySEWPhm3.yPoGyeUqK6t3cg2WL1yYOE3aFKB2PhzvyNB_EwY2Uv6LeBNyYvhkpnfbqM44.PhN.U9ydzA.pM9VRdd4lelB.V_St.PUOvg.448A-NCL-Ncsjg7y-xPI9Pe3-EWM2TT50,https://cafe.daum.net/subdued20club/WU3B/10 거래 전 공지 필수 확인 대리 구매 [팝니다] 글은 삭제된 글 포함 동일글 1일 최대 3회까지 작성 가능 * 2024/12/11 신규 공지 통신사/틱톡 라이트 신규 가입 관련...,무신사,
5693867,5693867,ReHf,악플달면 쩌리쩌려버려,하 무신사 중고 보는데 ㅈㄴ 어이없다,카이지,False,0,8,26.07.15,6967,https://cafe.daum.net/_c21_/bbs_nsread?grpid=1IHuH&fldid=ReHf&contentval=0NtEZzzzzzzzzzzzzzzzzzzzzzzzzz&datanum=5693867&searchlist_uri=%2F_c21_%2Fcafesearch&search_ctx=mXHEqj36JebiwGreGfTsfveFgDz6pTFmzA9ignoh1M5AkMeEoeYLzYGdNt9uqFaf61DPXAFl2LJLM1O_-vcCbcDl.qFPPmXwg_jpAzwhBJdo7YKErihYBpamtmNeuL5L98XW3zj7ZfMgeHq-n4-5pfWG_LfSaA_3Bv9vZS1fTjzJO1hZtgtDZ4TJHdFvwJpSyyw_w-fWGtKre4_Ov6ZcPlSAmPkXi52WWqYqVxBsMk_ZMPs.WFkOC-MRcHGKaOc1mCxLlZgDSSjFiCehjMZ6XfDjJBWd5IFBbe_EDzLVl8fCcgtqJgKAIwvlcqvFgj3rPzInTPuwSMI0,ai 이미지 생성은 좋은데 성별은 맞춰야할거 아니에요;,무신사,
5693539,5693539,ReHf,악플달면 쩌리쩌려버려,언젠가 죽어본 적 있는 그 시간이다,다미미이,True,0,5,26.07.14,3524,https://cafe.daum.net/_c21_/bbs_nsread?grpid=1IHuH&fldid=ReHf&contentval=0Nt9Hzzzzzzzzzzzzzzzzzzzzzzzzz&datanum=5693539&searchlist_uri=%2F_c21_%2Fcafesearch&search_ctx=mXHEqj36JebiwGreGfTsfveFgDz6pTFmzA9ignoh1M5AkMeEoeYLzYGdNt9uqFaf61DPXAFl2LJLM1O_-vcCbcDl.qFPPmXwg_jpAzwhBJdo7YKErihYBpamtmNeuL5LBiXdLvrlgUV1t.vaQ.EizEwm-AfmeYOMgH4eEovqoeANcvfKMBqyMDcKxc5H9oEBwpH5l8dRQpQPumOS68dYVgJgbmQDW9Lcf8TuBWO3TcMb3.3GsNn8rlsp5imrZr1NKVS2Ci6ViZT7KTCViRj2KYUX22TmI5zM9noSwIJkJhFnqfs8w6G6Uv9EiMbTQd1TjZty5UzVFsD2Orgzj9Wvadi2CP1uLGoD,지는 저녁 어둠을 찢으려는 꼭짓점으로부터 나와 너의 전개도가 눈금도 없이 촘촘해진다 지긋지긋 지그재그 원뿔의 행진 / 서윤후 마찰하는 것에는 보풀이 일었다 자주 스위치를 껐다 켰고 비누에는 균열이...,지그재그,
5692834,5692834,ReHf,악플달면 쩌리쩌려버려,"편한 신발 (운동화,스니커즈,여름신발) 관련 달글 댓글 3300개 분석결과 TOP30",팩맥스,True,0,59,26.07.14,6238,https://cafe.daum.net/_c21_/bbs_nsread?grpid=1IHuH&fldid=ReHf&contentval=0Nsxuzzzzzzzzzzzzzzzzzzzzzzzzz&datanum=5692834&searchlist_uri=%2F_c21_%2Fcafesearch&search_ctx=mXHEqj36JebiwGreGfTsfveFgDz6pTFmzA9ignoh1M5AkMeEoeYLzYGdNt9uqFaf61DPXAFl2LJLM1O_-vcCbcDl.qFPPmXwg_jpAzwhBJdo7YKErihYBpamtmNeuL5L98XW3zj7ZfMgeHq-n4-5pfWG_LfSaA_3Bv9vZS1fTjzJO1hZtgtDZ4TJHdFvwJpSyyw_w-fWGtKre4_Ov6ZcPlSAmPkXi52WWqYqVxBsMk_ZMPs.WFkOC-MRcHGKaOc1mCxLlZgDSSjFiCehjMZ6XfDjJBWd5IFBbe_EDzLVl8fCcgtqJgKAIwvlcqvFgj3rPzInTPuwSMI0,쓸림과 물집 가능성. 일부 모델은 밑창이 단단하거나 무겁다는 의견 허리케인 XLT2 기준 약 7.9만원 ( 무신사 ) 6 호카 호파라 86 80+6−0 샌들의 통풍성과 운동화의 발가락 보호 기능을 함께 갖춤. 비 오는 날과...,무신사,
5692779,5692779,ReHf,악플달면 쩌리쩌려버려,인생브라 말해보는 달글 댓글 2200개 분석결과 브라자 TOP20,팩맥스,True,0,168,26.07.14,11946,https://cafe.daum.net/_c21_/bbs_nsread?grpid=1IHuH&fldid=ReHf&contentval=0Nsx1zzzzzzzzzzzzzzzzzzzzzzzzz&datanum=5692779&searchlist_uri=%2F_c21_%2Fcafesearch&search_ctx=mXHEqj36JebiwGreGfTsfveFgDz6pTFmzA9ignoh1M5AkMeEoeYLzYGdNt9uqFaf61DPXAFl2LJLM1O_-vcCbcDl.qFPPmXwg_jpAzwhBJdo7YKErihYBpamtmNeuL5L98XW3zj7ZfMgeHq-n4-5pfWG_LfSaA_3Bv9vZS1fTjzJO1hZtgtDZ_bBKotIrUri2h_Js41DfOYQc-e54RJcswg9PDEPR8I.QBVSaUvnpYQPokboHK35JBnqQLkol7iyfTTaVMg97_b6zI2-RkYTr1FAqYtDgVjt5x6NKV-jJFpuiO3AJHyrhoDphaVUwJG6Tk-LKxsIWrgxsTrf1.fFCDYq-P9GcY1t,"늘어남 지적도 있어 분리형보다 패드일체형 추천. 1장 약 1만～2만5천 원, 2장 세트 약 2만3천 원대. ( 지그재그 ) 2 195회 감탄브라 인견쿨·큰컵·자세브라·후크형 압도적으로 많이 나온 평가는 “편해서 다른...",지그재그,
2702450,2702450,Sg1Q,밀어서국경해제,밴쿠버에 이런st 맨투맨 파는데 있어?,여시,True,0,0,26.07.13,240,https://cafe.daum.net/_c21_/bbs_nsread?grpid=1IHuH&fldid=Sg1Q&contentval=0BL1uzzzzzzzzzzzzzzzzzzzzzzzzz&datanum=2702450&searchlist_uri=%2F_c21_%2Fcafesearch&search_ctx=mXHEqj36JebiwGreGfTsfveFgDz6pTFmzA9ignoh1M5AkMeEoeYLzYGdNt9uqFaf61DPXAFl2LJLM1O_-vcCbcDl.qFPPmXwg_jpAzwhBJdo7YKErihYBpamtmNeuL5LMdHHvMDZ-3VrCb6AaJRm4A9EVBBhvujCcGvOa9-Mrqa6Mef8qDUJnVZnD9GmPK8NN8ySEWPhm3.yPoGyeUqK6t3cg2WL1yYOE3aFKB2PhzvyNB_EwY2Uv6LeBNyYvhkpnfbqM44.PhN.U9ydzA.pM9VRdd4lelB.V_St.PUOvg.448A-NCL-Ncsjg7y-xPI9Pe3-EWM2TT50,걍 무신사 캡쳐해온건데 이런거 파는데 있나….?? 그나마 어반아웃핏터스가 비슷한데 그거보단 덜 힙하고 더 귀여웠으면 좋겠어,무신사,
867846,867846,W1Lc,주식게시판📈🚀,무신사 주식 받았다,여시,True,0,0,26.07.13,643,https://cafe.daum.net/_c21_/bbs_nsread?grpid=1IHuH&fldid=W1Lc&contentval=03dlWzzzzzzzzzzzzzzzzzzzzzzzzz&datanum=867846&searchlist_uri=%2F_c21_%2Fcafesearch&search_ctx=mXHEqj36JebiwGreGfTsfveFgDz6pTFmzA9ignoh1M5AkMeEoeYLzYGdNt9uqFaf61DPXAFl2LJLM1O_-vcCbcDl.qFPPmXwg_jpAzwhBJdo7YKErihYBpamtmNeuL5LMdHHvMDZ-3VrCb6AaJRm4A9EVBBhvujCcGvOa9-Mrqa6Mef8qDUJnVZnD9GmPK8NN8ySEWPhm3.yPoGyeUqK6t3cg2WL1yYOE3aFKB2PhzvyNB_EwY2Uv6LeBNyYvhkpnfbqM44.PhN.U9ydzA.pM9VRdd4lelB.V_St.PUOvg.448A-NCL-Ncsjg7y-xPI9Pe3-EWM2TT50,한투랑 하는거 11시에 개빨리 마감됨… 낼은 더 빡셀듯,무신사,
33681,33681,WLDS,정답입니다🙆,7/16 무신사 무퀴즈,왕옌청,False,0,2,26.07.16,97,https://cafe.daum.net/_c21_/bbs_nsread?grpid=1IHuH&fldid=WLDS&contentval=008lFzzzzzzzzzzzzzzzzzzzzzzzzz&datanum=33681&searchlist_uri=%2F_c21_%2Fcafesearch&search_ctx=mXHEqj36JebiwGreGfTsfveFgDz6pTFmzA9ignoh1M5AkMeEoeYLzYGdNt9uqFaf61DPXAFl2LJLM1O_-vcCbcDl.qFPPmXwg_jpAzwhBJdo7YKErihYBpamtmNeuL5LBiXdLvrlgUV1t.vaQ.EizEwm-AfmeYOMgH4eEovqoeANcvfKMBqyMN3tb.XbvyfHxvkziWpKuDX-nxAKllWaHZoyfw3aPTVFjqxiheaBNsTRbBBHz79WceLO6S_N1__3BHZd_nqeeblowsZ6TLuFRtZ1GKONBgeda75-JcxOu1Z5.uxv6HSMIbw34p6Fy49blvCfpKRQZu50,출처 : 여성시대 왕옌청 머더헬프,무신사,
33674,33674,WLDS,정답입니다🙆,07/16 카카오뱅크 퀴즈+낮미션 / 카카오페이 퀴즈,다이다이,False,0,9,26.07.16,1217,https://cafe.daum.net/_c21_/bbs_nsread?grpid=1IHuH&fldid=WLDS&contentval=008l8zzzzzzzzzzzzzzzzzzzzzzzzz&datanum=33674&searchlist_uri=%2F_c21_%2Fcafesearch&search_ctx=mXHEqj36JebiwGreGfTsfveFgDz6pTFmzA9ignoh1M5AkMeEoeYLzYGdNt9uqFaf61DPXAFl2LJLM1O_-vcCbcDl.qFPPmXwg_jpAzwhBJdo7YKErihYBpamtmNeuL5LBiXdLvrlgUV1t.vaQ.EizEwm-AfmeYOMgH4eEovqoeANcvfKMBqyMDcKxc5H9oEBwpH5l8dRQpQPumOS68dYVgJgbmQDW9Lcf8TuBWO3TcMb3.3GsNn8rlsp5imrZr1NKVS2Ci6ViZT7KTCViRj2KYUX22TmI5zM9noSwIJkJhFnqfs8w6G6Uv9EiMbTQd1TjZty5UzVFsD2Orgzj9Wvadi2CP1uLGoD,매일 OX 퀴즈 풀고 100% 현금 받으세요. kakaobank.onelink.me 매일 용돈 받기(데일리 용돈+쿠팡 5원+ 지그재그 2원+네이버 2원) 쿠팡외에 포인트는 랜덤성! https://kakaobank.onelink.me/0qMi/u8xk8la1 카카오...,지그재그,
33651,33651,WLDS,정답입니다🙆,7/15 무신사 무퀴즈,왕옌청,False,0,4,26.07.15,87,https://cafe.daum.net/_c21_/bbs_nsread?grpid=1IHuH&fldid=WLDS&contentval=008klzzzzzzzzzzzzzzzzzzzzzzzzz&datanum=33651&searchlist_uri=%2F_c21_%2Fcafesearch&search_ctx=mXHEqj36JebiwGreGfTsfveFgDz6pTFmzA9ignoh1M5AkMeEoeYLzYGdNt9uqFaf61DPXAFl2LJLM1O_-vcCbcDl.qFPPmXwg_jpAzwhBJdo7YKErihYBpamtmNeuL5L98XW3zj7ZfMgeHq-n4-5pfWG_LfSaA_3Bv9vZS1fTjzJO1hZtgtDZ4TJHdFvwJpSyyw_w-fWGtKre4_Ov6ZcPlSAmPkXi52WWqYqVxBsMk_ZMPs.WFkOC-MRcHGKaOc1mCxLlZgDSSjFiCehjMZ6XfDjJBWd5IFBbe_EDzLVl8fCcgtqJgKAIwvlcqvFgj3rPzInTPuwSMI0,출처 : 여성시대 왕옌청 먹산,무신사,
33628,33628,WLDS,정답입니다🙆,7/14 무신사 무퀴즈,왕옌청,False,0,6,26.07.14,83,https://cafe.daum.net/_c21_/bbs_nsread?grpid=1IHuH&fldid=WLDS&contentval=008kOzzzzzzzzzzzzzzzzzzzzzzzzz&datanum=33628&searchlist_uri=%2F_c21_%2Fcafesearch&search_ctx=mXHEqj36JebiwGreGfTsfveFgDz6pTFmzA9ignoh1M5AkMeEoeYLzYGdNt9uqFaf61DPXAFl2LJLM1O_-vcCbcDl.qFPPmXwg_jpAzwhBJdo7YKErihYBpamtmNeuL5L98XW3zj7ZfMgeHq-n4-5pfWG_LfSaA_3Bv9vZS1fTjzJO1hZtgtDZ4TJHdFvwJpSyyw_w-fWGtKre4_Ov6ZcPlSAmPkXi52WWqYqVxBsMk_ZMPs.WFkOC-MRcHGKaOc1mCxLlZgDSSjFiCehjMZ6XfDjJBWd5IFBbe_EDzLVl8fCcgtqJgKAIwvlcqvFgj3rPzInTPuwSMI0,출처 : 여성시대 왕옌청 철웅이,무신사,
33623,33623,WLDS,정답입니다🙆,07/14 카카오뱅크 퀴즈+낮미션 / 카카오페이 퀴즈,다이다이,False,0,0,26.07.14,1412,https://cafe.daum.net/_c21_/bbs_nsread?grpid=1IHuH&fldid=WLDS&contentval=008kJzzzzzzzzzzzzzzzzzzzzzzzzz&datanum=33623&searchlist_uri=%2F_c21_%2Fcafesearch&search_ctx=mXHEqj36JebiwGreGfTsfveFgDz6pTFmzA9ignoh1M5AkMeEoeYLzYGdNt9uqFaf61DPXAFl2LJLM1O_-vcCbcDl.qFPPmXwg_jpAzwhBJdo7YKErihYBpamtmNeuL5L98XW3zj7ZfMgeHq-n4-5pfWG_LfSaA_3Bv9vZS1fTjzJO1hZtgtDZ_bBKotIrUri2h_Js41DfOYQc-e54RJcswg9PDEPR8I.QBVSaUvnpYQPokboHK35JBnqQLkol7iyfTTaVMg97_b6zI2-RkYTr1FAqYtDgVjt5x6NKV-jJFpuiO3AJHyrhoDphaVUwJG6Tk-LKxsIWrgxsTrf1.fFCDYq-P9GcY1t,매일 OX 퀴즈 풀고 100% 현금 받으세요. kakaobank.onelink.me 매일 용돈 받기(데일리 용돈+쿠팡 5원+ 지그재그 2원+네이버 2원) 쿠팡외에 포인트는 랜덤성! https://kakaobank.onelink.me/0qMi/u8xk8la1 카카오...,지그재그,
33600,33600,WLDS,정답입니다🙆,7/13 무신사 무퀴즈,왕옌청,False,0,0,26.07.13,82,https://cafe.daum.net/_c21_/bbs_nsread?grpid=1IHuH&fldid=WLDS&contentval=008jwzzzzzzzzzzzzzzzzzzzzzzzzz&datanum=33600&searchlist_uri=%2F_c21_%2Fcafesearch&search_ctx=mXHEqj36JebiwGreGfTsfveFgDz6pTFmzA9ignoh1M5AkMeEoeYLzYGdNt9uqFaf61DPXAFl2LJLM1O_-vcCbcDl.qFPPmXwg_jpAzwhBJdo7YKErihYBpamtmNeuL5LMdHHvMDZ-3VrCb6AaJRm4A9EVBBhvujCcGvOa9-Mrqa6Mef8qDUJnVZnD9GmPK8NN8ySEWPhm3.yPoGyeUqK6t3cg2WL1yYOE3aFKB2PhzvyNB_EwY2Uv6LeBNyYvhkpnfbqM44.PhN.U9ydzA.pM9VRdd4lelB.V_St.PUOvg.448A-NCL-Ncsjg7y-xPI9Pe3-EWM2TT50,출처 : 여성시대 왕옌청 두산베어스,무신사,
33596,33596,WLDS,정답입니다🙆,07/13 카카오뱅크 퀴즈+낮미션 / 카카오페이 퀴즈,다이다이,False,0,0,26.07.13,1700,https://cafe.daum.net/_c21_/bbs_nsread?grpid=1IHuH&fldid=WLDS&contentval=008jszzzzzzzzzzzzzzzzzzzzzzzzz&datanum=33596&searchlist_uri=%2F_c21_%2Fcafesearch&search_ctx=mXHEqj36JebiwGreGfTsfveFgDz6pTFmzA9ignoh1M5AkMeEoeYLzYGdNt9uqFaf61DPXAFl2LJLM1O_-vcCbcDl.qFPPmXwg_jpAzwhBJdo7YKErihYBpamtmNeuL5L98XW3zj7ZfMgeHq-n4-5pfWG_LfSaA_3Bv9vZS1fTjzJO1hZtgtDZ_bBKotIrUri2h_Js41DfOYQc-e54RJcswg9PDEPR8I.QBVSaUvnpYQPokboHK35JBnqQLkol7iyfTTaVMg97_b6zI2-RkYTr1FAqYtDgVjt5x6NKV-jJFpuiO3AJHyrhoDphaVUwJG6Tk-LKxsIWrgxsTrf1.fFCDYq-P9GcY1t,매일 OX 퀴즈 풀고 100% 현금 받으세요. kakaobank.onelink.me 매일 용돈 받기(데일리 용돈+쿠팡 5원+ 지그재그 2원+네이버 2원) 쿠팡외에 포인트는 랜덤성! https://kakaobank.onelink.me/0qMi/u8xk8la1 카카오...,지그재그,
22840,22840,WSmj,세일정보,29cm ) 예루살렘 샌들 세일(~7.22),은조,True,0,29,26.07.16,7626,https://cafe.daum.net/_c21_/bbs_nsread?grpid=1IHuH&fldid=WSmj&contentval=005wOzzzzzzzzzzzzzzzzzzzzzzzzz&datanum=22840&searchlist_uri=%2F_c21_%2Fcafesearch&search_ctx=mXHEqj36JebiwGreGfTsfveFgDz6pTFmzA9ignoh1M5AkMeEoeYLzYGdNt9uqFaf61DPXAFl2LJLM1O_-vcCbcDl.qFPPmXwg_jpAzwhBJdo7YKErihYBpamtmNeuL5LBiXdLvrlgUV1t.vaQ.EizEwm-AfmeYOMgH4eEovqoeANcvfKMBqyMEBijMJwvlvVQg3QHIPKq-TB9VDc5FJkC5Pu6ycntzRBQdEho1DilHhmIaS4cgRowj61ukpyr98fbi9aPndXkZCKA7xmCDsqHj9Zj6S6bGa.pUUEsBBbkSXw2H4ImRQbow00,출처: 여성시대 은조 천연 가죽의 깊이 - 감도 깊은 취향 셀렉트샵 29CM https://www. 29cm .co.kr/brand-news/70414?product_sort=best www. 29cm .co.kr,"29CM,29cm",
22836,22836,WSmj,세일정보,"29cm ) 푸마 스니커즈 브라질 레더 - 다크 인디고:검 39,920원(무배)",은조,True,0,3,26.07.16,2609,https://cafe.daum.net/_c21_/bbs_nsread?grpid=1IHuH&fldid=WSmj&contentval=005wKzzzzzzzzzzzzzzzzzzzzzzzzz&datanum=22836&searchlist_uri=%2F_c21_%2Fcafesearch&search_ctx=mXHEqj36JebiwGreGfTsfveFgDz6pTFmzA9ignoh1M5AkMeEoeYLzYGdNt9uqFaf61DPXAFl2LJLM1O_-vcCbcDl.qFPPmXwg_jpAzwhBJdo7YKErihYBpamtmNeuL5LBiXdLvrlgUV1t.vaQ.EizEwm-AfmeYOMgH4eEovqoeANcvfKMBqyMEBijMJwvlvVQg3QHIPKq-TB9VDc5FJkC5Pu6ycntzRBQdEho1DilHhmIaS4cgRowj61ukpyr98fbi9aPndXkZCKA7xmCDsqHj9Zj6S6bGa.pUUEsBBbkSXw2H4ImRQbow00,출처: 여성시대 은조 https:// 29cm .onelink.me/1080201211/ondqxi8s 휘뚤마뚤 무난해보인다 (네이버 가격 검색시 7~10만원 대 인듯),"29CM,29cm",
22823,22823,WSmj,세일정보,"29 센치) 플러피시트러스 물놀이/장마/발편한 샌들 82%할인 20,950원",운빨맥스,True,0,2,26.07.16,2244,https://cafe.daum.net/_c21_/bbs_nsread?grpid=1IHuH&fldid=WSmj&contentval=005w7zzzzzzzzzzzzzzzzzzzzzzzzz&datanum=22823&searchlist_uri=%2F_c21_%2Fcafesearch&search_ctx=mXHEqj36JebiwGreGfTsfveFgDz6pTFmzA9ignoh1M5AkMeEoeYLzYGdNt9uqFaf61DPXAFl2LJLM1O_-vcCbcDl.qFPPmXwg_jpAzwhBJdo7YKErihYBpamtmNeuL5LBiXdLvrlgUV1t.vaQ.EizEwm-AfmeYOMgH4eEovqoeANcvfKMBqyMEBijMJwvlvVQg3QHIPKq-TB9VDc5FJkC5Pu6ycntzRBQdEho1DilHhmIaS4cgRowj61ukpyr98fbi9aPndXkZCKA7xmCDsqHj9Zj6S6bGa.pUUEsBBbkSXw2H4ImRQbow00,출처: 여성시대 운빨맥스 https:// 29cm .onelink.me/1080201211/tnw162om Kumo Sandals_(2color) - 감도 깊은 취향 셀렉트샵 29CM 플러피시트러스(FLCT) Kumo Sandals_(2color) 29cm .onelink.me 발가락 안보이고...,"29CM,29cm",
22784,22784,WSmj,세일정보,"(할인끝) 무신사 ) 좋은느낌 입는오버나이트(소/중/대) 8매X6팩 23,570원(무배)",은조,True,0,33,26.07.15,1927,https://cafe.daum.net/_c21_/bbs_nsread?grpid=1IHuH&fldid=WSmj&contentval=005vUzzzzzzzzzzzzzzzzzzzzzzzzz&datanum=22784&searchlist_uri=%2F_c21_%2Fcafesearch&search_ctx=mXHEqj36JebiwGreGfTsfveFgDz6pTFmzA9ignoh1M5AkMeEoeYLzYGdNt9uqFaf61DPXAFl2LJLM1O_-vcCbcDl.qFPPmXwg_jpAzwhBJdo7YKErihYBpamtmNeuL5LBiXdLvrlgUV1t.vaQ.EizEwm-AfmeYOMgH4eEovqoeANcvfKMBqyMN3tb.XbvyfHxvkziWpKuDX-nxAKllWaHZoyfw3aPTVFjqxiheaBNsTRbBBHz79WceLO6S_N1__3BHZd_nqeeblowsZ6TLuFRtZ1GKONBgeda75-JcxOu1Z5.uxv6HSMIbw34p6Fy49blvCfpKRQZu50,onelink.me/PvkC/bt3dxbtk 좋은느낌(GOODFEEL) 오리지널 입는오버나이트 소/중/대 8매x6팩 - 후기 | 무신사 제품분류 :뷰티 &gt; 헬스/푸드 브랜드 : 좋은느낌(GOODFEEL) 제품번호 : [좋은느낌] 제품 : 오리지널...,무신사,
22766,22766,WSmj,세일정보,"무신사 )엘라스틴 고영양 단백질(플로럴머스크향) 샴푸 1000ml x 2개 13,370원(무배)",은조,True,0,7,26.07.15,1172,https://cafe.daum.net/_c21_/bbs_nsread?grpid=1IHuH&fldid=WSmj&contentval=005vCzzzzzzzzzzzzzzzzzzzzzzzzz&datanum=22766&searchlist_uri=%2F_c21_%2Fcafesearch&search_ctx=mXHEqj36JebiwGreGfTsfveFgDz6pTFmzA9ignoh1M5AkMeEoeYLzYGdNt9uqFaf61DPXAFl2LJLM1O_-vcCbcDl.qFPPmXwg_jpAzwhBJdo7YKErihYBpamtmNeuL5L98XW3zj7ZfMgeHq-n4-5pfWG_LfSaA_3Bv9vZS1fTjzJO1hZtgtDZ4TJHdFvwJpSyyw_w-fWGtKre4_Ov6ZcPlSAmPkXi52WWqYqVxBsMk_ZMPs.WFkOC-MRcHGKaOc1mCxLlZgDSSjFiCehjMZ6XfDjJBWd5IFBbe_EDzLVl8fCcgtqJgKAIwvlcqvFgj3rPzInTPuwSMI0,엘라스틴(ELASTINE) 프로틴클리닉 고영양 단백질(플로럴머스크향) 샴푸 1000ml x 2개 - 후기 | 무신사 제품분류 :뷰티 &gt; 헤어케어 브랜드 : 엘라스틴(ELASTINE) 제품번호 : 3620806 제품 : 프로틴클리닉...,무신사,
22739,22739,WSmj,세일정보,"에이블리 ) 가평 빠지 무제한+입장권 200,000원-＞9,900원 (~07/19 까지)",고참꿀맛이구마,True,0,13,26.07.15,3110,https://cafe.daum.net/_c21_/bbs_nsread?grpid=1IHuH&fldid=WSmj&contentval=005ulzzzzzzzzzzzzzzzzzzzzzzzzz&datanum=22739&searchlist_uri=%2F_c21_%2Fcafesearch&search_ctx=mXHEqj36JebiwGreGfTsfveFgDz6pTFmzA9ignoh1M5AkMeEoeYLzYGdNt9uqFaf61DPXAFl2LJLM1O_-vcCbcDl.qFPPmXwg_jpAzwhBJdo7YKErihYBpamtmNeuL5LBiXdLvrlgUV1t.vaQ.EizEwm-AfmeYOMgH4eEovqoeANcvfKMBqyMJgOt5p.Nf5tSVYYywj7EziefrQtdgrDW5t2pM4V-8-..WEn544cOOO361JSq-fmDaumrGTMkQAIkO-SRjDkIhmc3OLV9kF5tMLJQfJNpeCSykaj5lH7SwFS_UKaWxwDbhgbIe1yVXbG3mNAPhCb6NLKAs5ih3ZZujOrWCBMg3_9,"applink.a-bly.com/ch7vlm [경기/가평] 가평빠지 본질, 가성비 워터랩 수상레저 패키지 특가 패션부터 뷰티까지, 에이블리 한 곳에서 스타일의 모든 것을 쇼핑하세요! applink.a-bly.com * 빠지 원래 평균 가격",에이블리,
22702,22702,WSmj,세일정보,나스 인세이셔블 리퀴드 블러쉬+핑거퍼프 증정 42640원,징그러운어피치,True,0,0,26.07.14,3065,https://cafe.daum.net/_c21_/bbs_nsread?grpid=1IHuH&fldid=WSmj&contentval=005uAzzzzzzzzzzzzzzzzzzzzzzzzz&datanum=22702&searchlist_uri=%2F_c21_%2Fcafesearch&search_ctx=mXHEqj36JebiwGreGfTsfveFgDz6pTFmzA9ignoh1M5AkMeEoeYLzYGdNt9uqFaf61DPXAFl2LJLM1O_-vcCbcDl.qFPPmXwg_jpAzwhBJdo7YKErihYBpamtmNeuL5L98XW3zj7ZfMgeHq-n4-5pfWG_LfSaA_3Bv9vZS1fTjzJO1hZtgtDZ4TJHdFvwJpSyyw_w-fWGtKre4_Ov6ZcPlSAmPkXi52WWqYqVxBsMk_ZMPs.WFkOC-MRcHGKaOc1mCxLlZgDSSjFiCehjMZ6XfDjJBWd5IFBbe_EDzLVl8fCcgtqJgKAIwvlcqvFgj3rPzInTPuwSMI0,어피치 https://www.musinsa.com/products/6668257 나스(NARS) 인세이셔블 리퀴드 블러쉬 - 후기 | 무신사 제품분류 :뷰티 > 베이스메이크업 브랜드 : 나스(NARS) 제품번호 : LIQUID-BLUSH 제품 : 인세이셔블...,무신사,
22677,22677,WSmj,세일정보,창억떡 인기 인절미/찰떡/설기 500g 3개 골라담기 27450원,민트쵸쿄쵸쿄,True,0,10,26.07.14,2368,https://cafe.daum.net/_c21_/bbs_nsread?grpid=1IHuH&fldid=WSmj&contentval=005tlzzzzzzzzzzzzzzzzzzzzzzzzz&datanum=22677&searchlist_uri=%2F_c21_%2Fcafesearch&search_ctx=mXHEqj36JebiwGreGfTsfveFgDz6pTFmzA9ignoh1M5AkMeEoeYLzYGdNt9uqFaf61DPXAFl2LJLM1O_-vcCbcDl.qFPPmXwg_jpAzwhBJdo7YKErihYBpamtmNeuL5LBiXdLvrlgUV1t.vaQ.EizEwm-AfmeYOMgH4eEovqoeANcvfKMBqyMEBijMJwvlvVQg3QHIPKq-TB9VDc5FJkC5Pu6ycntzRBQdEho1DilHhmIaS4cgRowj61ukpyr98fbi9aPndXkZCKA7xmCDsqHj9Zj6S6bGa.pUUEsBBbkSXw2H4ImRQbow00,출처: 여성시대 민트쵸쿄쵸쿄 https://www. 29cm .co.kr/products/3471181 인기 인절미/찰떡/설기 3개 골라담기 - 감도 깊은 취향 셀렉트샵 29CM 창억떡(CHANGEOK) 인기 인절미/찰떡/설기 3개 골라담기 www. 29cm .co.kr,"29CM,29cm",
22659,22659,WSmj,세일정보,"29CM ) 레오나르디 모데나산 화이트 발사믹 콘디멘토 250ml 17,920원(첫구매시)",유리멘탈바사삭,True,0,0,26.07.13,4364,https://cafe.daum.net/_c21_/bbs_nsread?grpid=1IHuH&fldid=WSmj&contentval=005tTzzzzzzzzzzzzzzzzzzzzzzzzz&datanum=22659&searchlist_uri=%2F_c21_%2Fcafesearch&search_ctx=mXHEqj36JebiwGreGfTsfveFgDz6pTFmzA9ignoh1M5AkMeEoeYLzYGdNt9uqFaf61DPXAFl2LJLM1O_-vcCbcDl.qFPPmXwg_jpAzwhBJdo7YKErihYBpamtmNeuL5L98XW3zj7ZfMgeHq-n4-5pfWG_LfSaA_3Bv9vZS1fTjzJO1hZtgtDZwMe9GB.MX1_1ahKiLV9p1qZvqF7-tX1qABXBmNnIxw1ym4GBeCMcicvmc36wDjEFFpAbm.NJjO.VsukMtIKxGjnNaO1xCKGmF_fAyRXRH9Zzy5LlKufPLd_bVXMF6xrHA00,"출처: 여성시대 (유리멘탈바사삭) 첫구매는 17,920원까지 나와서 동생한테 사라고 시킴 근데 첫구매 쿠폰 아니더라도 18370원이라 얼마전에 넾다 뜬거랑 가격 비슷해 화이트발사믹이 일반보다 산뜻해서 내 기준...","29CM,29cm",
22657,22657,WSmj,세일정보,"29CM ) 벤앤제리스 파인트 3개+PB스모어 1개+삽스푼 26,800원(무배)",은조,True,0,0,26.07.13,4137,https://cafe.daum.net/_c21_/bbs_nsread?grpid=1IHuH&fldid=WSmj&contentval=005tRzzzzzzzzzzzzzzzzzzzzzzzzz&datanum=22657&searchlist_uri=%2F_c21_%2Fcafesearch&search_ctx=mXHEqj36JebiwGreGfTsfveFgDz6pTFmzA9ignoh1M5AkMeEoeYLzYGdNt9uqFaf61DPXAFl2LJLM1O_-vcCbcDl.qFPPmXwg_jpAzwhBJdo7YKErihYBpamtmNeuL5L98XW3zj7ZfMgeHq-n4-5pfWG_LfSaA_3Bv9vZS1fTjzJO1hZtgtDZwMe9GB.MX1_1ahKiLV9p1qZvqF7-tX1qABXBmNnIxw1ym4GBeCMcicvmc36wDjEFFpAbm.NJjO.VsukMtIKxGjnNaO1xCKGmF_fAyRXRH9Zzy5LlKufPLd_bVXMF6xrHA00,출처: 여성시대 은조 https://www. 29cm .co.kr/products/4044967 [3+1]벤앤제리스 파인트 3종(8종 골라담기) + 파인트(pb스모어) 무료 증정 + 삽스푼 증정 - 감도 깊은 벤앤제리스(BEN&JERRYS) [3+1]벤앤제리스...,"29CM,29cm",
